item_id,source_row,Subject,Level,Country,Question,Context,Option 1,Option 2,Option 3,Option 4,Option 5,n_options,gold,user_prompt,f16_pred,f16_valid,f16_content,f16_confidence,f16_margin,f16_entropy,f16_prob_complete,f16_tokens_evaluated,f16_prompt_ms,f16_p1,f16_p2,f16_p3,f16_p4,f16_p5,q4_pred,q4_valid,q4_content,q4_confidence,q4_margin,q4_entropy,q4_prob_complete,q4_tokens_evaluated,q4_prompt_ms,q4_p1,q4_p2,q4_p3,q4_p4,q4_p5,f16_correct,q4_correct,correct_to_wrong,wrong_to_correct,prediction_changed
ammlu_490,490,Islamic Studies,Unknown,Unknown,ما اسم أم النبي اسماعيل عليه السلام؟,,مريم,مريم,هاجر,سارة,,4,2,"اختر الإجابة الصحيحة من الخيارات التالية. أخرج رقمًا واحدًا فقط.

السؤال:
ما اسم أم النبي اسماعيل عليه السلام؟

الخيارات:
1) مريم
2) مريم
3) هاجر
4) سارة",2,True,3,1.0,1.0,-0.0,False,93,4984.426,0.0,0.0,1.0,0.0,0.0,2,True,3,1.0,1.0,-0.0,False,93,3078.967,0.0,0.0,1.0,0.0,0.0,True,True,False,False,False
ammlu_13241,13241,Islamic Studies,Primary,Jordan, سمي الصحابة الذين كلفهم الرسول بكتابة القرآن الكريم: ...,,كتاب الوحي ,الخلفاء الراشدين ,المهاجرين,الأنصار,,4,0,"اختر الإجابة الصحيحة من الخيارات التالية. أخرج رقمًا واحدًا فقط.

السؤال:
سمي الصحابة الذين كلفهم الرسول بكتابة القرآن الكريم: ...

الخيارات:
1) كتاب الوحي
2) الخلفاء الراشدين
3) المهاجرين
4) الأنصار",1,True,2,1.0,1.0,-0.0,False,107,4989.782,0.0,1.0,0.0,0.0,0.0,1,True,2,1.0,1.0,-0.0,False,107,3084.28,0.0,1.0,0.0,0.0,0.0,False,False,False,False,False
ammlu_12640,12640,Arabic Language (Grammar),Unknown,Unknown,"في الآية القرآنية ﴿اِقْرَأ بِاسْمِ رَبِّكَ الَّذِي خَلَق ﴾ ، ما هو الإعراب الصحيح لكلمة
اِقْرَأ",,مضاف إليه مجرور وعلامة جره الكسرة,اسم مجرور بحرف الجر وعلامة جره الكسرة,فعل أمر مبني على السكون,حرف جر مبني على الكسر,فعل ماض مبنى على الفتح المقدر,5,2,"اختر الإجابة الصحيحة من الخيارات التالية. أخرج رقمًا واحدًا فقط.

السؤال:
في الآية القرآنية ﴿اِقْرَأ بِاسْمِ رَبِّكَ الَّذِي خَلَق ﴾ ، ما هو الإعراب الصحيح لكلمة
اِقْرَأ

الخيارات:
1) مضاف إليه مجرور وعلامة جره الكسرة
2) اسم مجرور بحرف الجر وعلامة جره الكسرة
3) فعل أمر مبني على السكون
4) حرف جر مبني على الكسر
5) فعل ماض مبنى على الفتح المقدر",1,True,2,1.0,1.0,-0.0,False,190,4631.045,0.0,1.0,0.0,0.0,0.0,1,True,2,1.0,1.0,-0.0,False,190,2858.38,0.0,1.0,0.0,0.0,0.0,False,False,False,False,False
ammlu_8479,8479,Geography,High,Jordan,زيادة المساحات الخضراء والتشجير في المناطق الحضرية هو من فوائد التخطيط:,,البيئية,الصحية,الاجتماعية,الاقتصادية,,4,1,"اختر الإجابة الصحيحة من الخيارات التالية. أخرج رقمًا واحدًا فقط.

السؤال:
زيادة المساحات الخضراء والتشجير في المناطق الحضرية هو من فوائد التخطيط:

الخيارات:
1) البيئية
2) الصحية
3) الاجتماعية
4) الاقتصادية",1,True,2,1.0,1.0,-0.0,False,105,4993.923,0.0,1.0,0.0,0.0,0.0,0,True,1,1.0,1.0,-0.0,False,105,3088.312,1.0,0.0,0.0,0.0,0.0,True,False,True,False,True
ammlu_4586,4586,General Knowledge,Unknown,Unknown,"من القائل:
أبدت لنا الأيام زهرة طيبها***وتسربلت بنضيرها وقشيبها
واهتز عطف الأرض بعد خشوعها***وبدت بها النعماء بعد شحوبها؟",,أبو الحسن بن زنباع,البهاء زهير,-الخليل بن أحمد الجزي,أبو جندل الهوازني,,4,0,"اختر الإجابة الصحيحة من الخيارات التالية. أخرج رقمًا واحدًا فقط.

السؤال:
من القائل:
أبدت لنا الأيام زهرة طيبها***وتسربلت بنضيرها وقشيبها
واهتز عطف الأرض بعد خشوعها***وبدت بها النعماء بعد شحوبها؟

الخيارات:
1) أبو الحسن بن زنباع
2) البهاء زهير
3) -الخليل بن أحمد الجزي
4) أبو جندل الهوازني",2,True,3,1.0,1.0,-0.0,False,159,4998.156,0.0,0.0,1.0,0.0,0.0,2,True,3,1.0,1.0,-0.0,False,159,3092.54,0.0,0.0,1.0,0.0,0.0,False,False,False,False,False
ammlu_4216,4216,General Knowledge,Unknown,Unknown,ما هي أسرع سمكة بحرية؟,,الدولفين.,الحوت الأزرق.,سمكة التونة العنيدة.,أبو منشار.,,4,3,"اختر الإجابة الصحيحة من الخيارات التالية. أخرج رقمًا واحدًا فقط.

السؤال:
ما هي أسرع سمكة بحرية؟

الخيارات:
1) الدولفين.
2) الحوت الأزرق.
3) سمكة التونة العنيدة.
4) أبو منشار.",2,True,3,1.0,1.0,-0.0,False,102,5049.982,0.0,0.0,1.0,0.0,0.0,2,True,3,1.0,1.0,-0.0,False,102,3114.004,0.0,0.0,1.0,0.0,0.0,False,False,False,False,False
ammlu_7803,7803,Computer Science,High,Jordan,واحدة مما يلي لا تعد مثالا على الاعتداءات الالكترونية على البريد الالكتروني :,,الاعتداء عن طريق كود بسيط,تقديم عروض شراء بعض المنتجات باسعار زهيده,رسائل تحمل عنوان كيف تصبح ثريا,رسائل تحتوي روابط يتم الضغط عليها للحصول على المزيد من المعلومات,,4,0,"اختر الإجابة الصحيحة من الخيارات التالية. أخرج رقمًا واحدًا فقط.

السؤال:
واحدة مما يلي لا تعد مثالا على الاعتداءات الالكترونية على البريد الالكتروني :

الخيارات:
1) الاعتداء عن طريق كود بسيط
2) تقديم عروض شراء بعض المنتجات باسعار زهيده
3) رسائل تحمل عنوان كيف تصبح ثريا
4) رسائل تحتوي روابط يتم الضغط عليها للحصول على المزيد من المعلومات",0,True,1,1.0,1.0,-0.0,False,158,5055.491,1.0,0.0,0.0,0.0,0.0,0,True,1,1.0,1.0,-0.0,False,158,3119.339,1.0,0.0,0.0,0.0,0.0,True,True,False,False,False
ammlu_14402,14402,Civics,Middle,Jordan,من المناطق المنكوبة في العالم التي قامت القوات المسلحة بتسيير المستشفيات العسكري إليها هي,,اليمن,سوريا,العراق,ليبيا,,4,2,"اختر الإجابة الصحيحة من الخيارات التالية. أخرج رقمًا واحدًا فقط.

السؤال:
من المناطق المنكوبة في العالم التي قامت القوات المسلحة بتسيير المستشفيات العسكري إليها هي

الخيارات:
1) اليمن
2) سوريا
3) العراق
4) ليبيا",2,True,3,1.0,1.0,-0.0,False,100,5063.812,0.0,0.0,1.0,0.0,0.0,2,True,3,1.0,1.0,-0.0,False,100,3127.62,0.0,0.0,1.0,0.0,0.0,True,True,False,False,False
ammlu_3742,3742,General Knowledge,Unknown,Unknown,أصغر عظمة في جسم الإنسان هي العظم الركابي فأين توجد؟,,في الأنف,في اليد,في الإذن,في القدم,,4,2,"اختر الإجابة الصحيحة من الخيارات التالية. أخرج رقمًا واحدًا فقط.

السؤال:
أصغر عظمة في جسم الإنسان هي العظم الركابي فأين توجد؟

الخيارات:
1) في الأنف
2) في اليد
3) في الإذن
4) في القدم",2,True,3,1.0,1.0,-0.0,False,108,5059.61,0.0,0.0,1.0,0.0,0.0,2,True,3,1.0,1.0,-0.0,False,108,3123.428,0.0,0.0,1.0,0.0,0.0,True,True,False,False,False
ammlu_7949,7949,Geography,Middle,Jordan,…….. تغير في الخصائص الاجتماعية والثقافية لسكان المدينة من حيث نمط حياتهم وسلوكهم وعاداتهم ,,التحضر,التمدن,الريف,الهجرة,,4,1,"اختر الإجابة الصحيحة من الخيارات التالية. أخرج رقمًا واحدًا فقط.

السؤال:
…….. تغير في الخصائص الاجتماعية والثقافية لسكان المدينة من حيث نمط حياتهم وسلوكهم وعاداتهم

الخيارات:
1) التحضر
2) التمدن
3) الريف
4) الهجرة",1,True,2,1.0,1.0,-0.0,False,113,4762.906,0.0,1.0,0.0,0.0,0.0,1,True,2,1.0,1.0,-0.0,False,113,2942.891,0.0,1.0,0.0,0.0,0.0,True,True,False,False,False
ammlu_9396,9396,Math,Primary,Palestine,الساعة التالية للساعة الخامسة,,الرابعة,الثالثة,السادسة,,,3,2,"اختر الإجابة الصحيحة من الخيارات التالية. أخرج رقمًا واحدًا فقط.

السؤال:
الساعة التالية للساعة الخامسة

الخيارات:
1) الرابعة
2) الثالثة
3) السادسة",2,True,3,1.0,1.0,-0.0,False,88,4338.219,0.0,0.0,1.0,0.0,0.0,2,True,3,1.0,1.0,-0.0,False,88,2681.736,0.0,0.0,1.0,0.0,0.0,True,True,False,False,False
ammlu_8631,8631,Geography,High,Egypt,"من خلال الخريطة التي أمامك اسنتنتج : بحرية تشاد
تتشابه في تقسيمها الحدودي مع بحيرة",,سوبرييور,متشجن,فيكتوريا, المنزلة,,4,2,"اختر الإجابة الصحيحة من الخيارات التالية. أخرج رقمًا واحدًا فقط.

السؤال:
من خلال الخريطة التي أمامك اسنتنتج : بحرية تشاد
تتشابه في تقسيمها الحدودي مع بحيرة

الخيارات:
1) سوبرييور
2) متشجن
3) فيكتوريا
4) المنزلة",2,True,3,1.0,1.0,-0.0,False,124,4776.606,0.0,0.0,1.0,0.0,0.0,2,True,3,1.0,1.0,-0.0,False,124,2956.764,0.0,0.0,1.0,0.0,0.0,True,True,False,False,False
ammlu_13282,13282,Islamic Studies,Primary,Jordan,حكم صلاة الاستسقاء,,سنة مؤكدة,فرض,واجب,مستحب,,4,0,"اختر الإجابة الصحيحة من الخيارات التالية. أخرج رقمًا واحدًا فقط.

السؤال:
حكم صلاة الاستسقاء

الخيارات:
1) سنة مؤكدة
2) فرض
3) واجب
4) مستحب",2,True,3,1.0,1.0,-0.0,False,93,4768.264,0.0,0.0,1.0,0.0,0.0,2,True,3,1.0,1.0,-0.0,False,93,2948.255,0.0,0.0,1.0,0.0,0.0,False,False,False,False,False
ammlu_12411,12411,Arabic Language (Grammar),Unknown,Unknown,"اختر الصنف الغذائي الذي ينتمي إليه الطعام التالي.
بَطَّة",,لحوم,فواكه,خضروات,,,3,0,"اختر الإجابة الصحيحة من الخيارات التالية. أخرج رقمًا واحدًا فقط.

السؤال:
اختر الصنف الغذائي الذي ينتمي إليه الطعام التالي.
بَطَّة

الخيارات:
1) لحوم
2) فواكه
3) خضروات",2,True,3,1.0,1.0,-0.0,False,103,4328.621,0.0,0.0,1.0,0.0,0.0,2,True,3,1.0,1.0,-0.0,False,103,2672.315,0.0,0.0,1.0,0.0,0.0,False,False,False,False,False
ammlu_2814,2814,History,High,Jordan,المعركة التي شارك فيها الامير طلال بن عبدالله هي:,,حرب 1948,حرب 1967,حرب رمضان,حرب باب الواد,,4,0,"اختر الإجابة الصحيحة من الخيارات التالية. أخرج رقمًا واحدًا فقط.

السؤال:
المعركة التي شارك فيها الامير طلال بن عبدالله هي:

الخيارات:
1) حرب 1948
2) حرب 1967
3) حرب رمضان
4) حرب باب الواد",2,True,3,1.0,1.0,-0.0,False,114,4772.341,0.0,0.0,1.0,0.0,0.0,2,True,3,1.0,1.0,-0.0,False,114,2952.434,0.0,0.0,1.0,0.0,0.0,False,False,False,False,False
ammlu_7760,7760,Computer Science,High,Jordan,مفتاح التشفيرفي خوارزمية الخط المتعرج هو :,,عدد الأسطر,عدد الأعمدة,عدد الحروف,أ+ب,,4,0,"اختر الإجابة الصحيحة من الخيارات التالية. أخرج رقمًا واحدًا فقط.

السؤال:
مفتاح التشفيرفي خوارزمية الخط المتعرج هو :

الخيارات:
1) عدد الأسطر
2) عدد الأعمدة
3) عدد الحروف
4) أ+ب",1,True,2,1.0,1.0,-0.0,False,105,5075.112,0.0,1.0,0.0,0.0,0.0,1,True,2,1.0,1.0,-0.0,False,105,3138.235,0.0,1.0,0.0,0.0,0.0,False,False,False,False,False
ammlu_12705,12705,Islamic Studies,Middle,Unknown,.قال الرسول صلى الله عليه وسلم:(من شهد الجنازة حتى يصلى عليها فله قيراط ومن شهدها حتى تدفن فله:,,قيراطان,3 أقراط,قيراط,4 أقراط,,4,0,"اختر الإجابة الصحيحة من الخيارات التالية. أخرج رقمًا واحدًا فقط.

السؤال:
.قال الرسول صلى الله عليه وسلم:(من شهد الجنازة حتى يصلى عليها فله قيراط ومن شهدها حتى تدفن فله:

الخيارات:
1) قيراطان
2) 3 أقراط
3) قيراط
4) 4 أقراط",2,True,3,1.0,1.0,-0.0,False,131,5080.499,0.0,0.0,1.0,0.0,0.0,2,True,3,1.0,1.0,-0.0,False,131,3143.52,0.0,0.0,1.0,0.0,0.0,False,False,False,False,False
ammlu_7300,7300,Computer Science,Univ,KSA,ما الذي يؤثر على سرعة وأداء الكمبيوتر,,وحدة المعالجة المركزية,بطاقات الرسوم,القرص المدمج,القرص الصلب,,4,1,"اختر الإجابة الصحيحة من الخيارات التالية. أخرج رقمًا واحدًا فقط.

السؤال:
ما الذي يؤثر على سرعة وأداء الكمبيوتر

الخيارات:
1) وحدة المعالجة المركزية
2) بطاقات الرسوم
3) القرص المدمج
4) القرص الصلب",0,True,1,1.0,1.0,-0.0,False,110,5084.651,1.0,0.0,0.0,0.0,0.0,2,True,3,1.0,1.0,-0.0,False,110,3147.643,0.0,0.0,1.0,0.0,0.0,False,False,False,False,True
ammlu_7243,7243,Accounting,Univ,Egypt,"السؤال الأول: اختار رقم (أ) إذا كانت العبارة صحيحة، ورقم (ب) إذا كانت العبارة خاطئ

ال يمكن تعديل البيانات الموجودة في ظل نظام التشغيل اإللكتروني لمبيانات:",,صح,خطأ,,,,2,1,"اختر الإجابة الصحيحة من الخيارات التالية. أخرج رقمًا واحدًا فقط.

السؤال:
السؤال الأول: اختار رقم (أ) إذا كانت العبارة صحيحة، ورقم (ب) إذا كانت العبارة خاطئ

ال يمكن تعديل البيانات الموجودة في ظل نظام التشغيل اإللكتروني لمبيانات:

الخيارات:
1) صح
2) خطأ",0,True,1,1.0,1.0,-0.0,False,126,4234.615,1.0,0.0,0.0,0.0,0.0,0,True,1,1.0,1.0,-0.0,False,126,2607.818,1.0,0.0,0.0,0.0,0.0,False,False,False,False,False
ammlu_8793,8793,Geography,High,Unknown,تعتبر منطقة شمال قارة أمريكا الشمالية ووسطها الغربي من المناطق ذات الكثافة سكانية منخفضة وذلك بسبب:-,,ارتفاع الحرارة.,شده البرودة.,عمليات التعدين.,سهولة المواصلات.,,4,1,"اختر الإجابة الصحيحة من الخيارات التالية. أخرج رقمًا واحدًا فقط.

السؤال:
تعتبر منطقة شمال قارة أمريكا الشمالية ووسطها الغربي من المناطق ذات الكثافة سكانية منخفضة وذلك بسبب:-

الخيارات:
1) ارتفاع الحرارة.
2) شده البرودة.
3) عمليات التعدين.
4) سهولة المواصلات.",2,True,3,1.0,1.0,-0.0,False,128,5088.889,0.0,0.0,1.0,0.0,0.0,2,True,3,1.0,1.0,-0.0,False,128,3151.839,0.0,0.0,1.0,0.0,0.0,False,False,False,False,False
ammlu_1419,1419,Driving Test,Unknown,Jordan,عند وصول ساعة الحرارة إلى المنطقة (H) فإنه یجب علیك:,,إیقاف سیارتك في مكان آمن لاتخاذ الإجراء الضروري .,إیقاف سیارتك في أي مكان في الطریق فورا لاتخاذ الإجراء الضروري .,متابعة المسیر في السیارة حتى تصل اقرب كراج.,لاشيء مما ذكر.,,4,0,"اختر الإجابة الصحيحة من الخيارات التالية. أخرج رقمًا واحدًا فقط.

السؤال:
عند وصول ساعة الحرارة إلى المنطقة (H) فإنه یجب علیك:

الخيارات:
1) إیقاف سیارتك في مكان آمن لاتخاذ الإجراء الضروري .
2) إیقاف سیارتك في أي مكان في الطریق فورا لاتخاذ الإجراء الضروري .
3) متابعة المسیر في السیارة حتى تصل اقرب كراج.
4) لاشيء مما ذكر.",1,True,2,1.0,1.0,-0.0,False,170,5578.983,0.0,1.0,0.0,0.0,0.0,1,True,2,1.0,1.0,-0.0,False,170,3452.951,0.0,1.0,0.0,0.0,0.0,False,False,False,False,False
ammlu_11665,11665,Economics,High,Jordan,يعتبر الاستثمار في القطاع التالي ثالث اكبر مساهم في الناتج المحلي الاجمالي :,,- الطاقة المتجددة,السياحة,التكنولوجيا,الصناعة,,4,2,"اختر الإجابة الصحيحة من الخيارات التالية. أخرج رقمًا واحدًا فقط.

السؤال:
يعتبر الاستثمار في القطاع التالي ثالث اكبر مساهم في الناتج المحلي الاجمالي :

الخيارات:
1) - الطاقة المتجددة
2) السياحة
3) التكنولوجيا
4) الصناعة",2,True,3,1.0,1.0,-0.0,False,115,5584.424,0.0,0.0,1.0,0.0,0.0,2,True,3,1.0,1.0,-0.0,False,115,3458.234,0.0,0.0,1.0,0.0,0.0,True,True,False,False,False
ammlu_2312,2312,Natural Science,Primary,Jordan,يستخدم....... لتغطية القابس الكهربائي لتجنب الإصابة بصعقة كهربائية: ,,البلاستك ,النحاس ,الفضة ,الحديد ,,4,0,"اختر الإجابة الصحيحة من الخيارات التالية. أخرج رقمًا واحدًا فقط.

السؤال:
يستخدم....... لتغطية القابس الكهربائي لتجنب الإصابة بصعقة كهربائية:

الخيارات:
1) البلاستك
2) النحاس
3) الفضة
4) الحديد",2,True,3,1.0,1.0,-0.0,False,111,5588.476,0.0,0.0,1.0,0.0,0.0,2,True,3,1.0,1.0,-0.0,False,111,3462.511,0.0,0.0,1.0,0.0,0.0,False,False,False,False,False
ammlu_13545,13545,Islamic Studies,Primary,Palestine,أقضي حاجتي أمام الناس.,,صح,خطأ,,,,2,1,"اختر الإجابة الصحيحة من الخيارات التالية. أخرج رقمًا واحدًا فقط.

السؤال:
أقضي حاجتي أمام الناس.

الخيارات:
1) صح
2) خطأ",0,True,1,1.0,1.0,-0.0,False,78,4230.294,1.0,0.0,0.0,0.0,0.0,0,True,1,1.0,1.0,-0.0,False,78,2603.658,1.0,0.0,0.0,0.0,0.0,False,False,False,False,False
ammlu_13077,13077,Islamic Studies,Primary,Jordan, كان يدعوا سيدنا محمد صلى الله عليه وسلم الى,,عبادة ما كان يعبد من قبلهم,قيام الليل,التوحيد وترك عبادة الأصنام,,,3,2,"اختر الإجابة الصحيحة من الخيارات التالية. أخرج رقمًا واحدًا فقط.

السؤال:
كان يدعوا سيدنا محمد صلى الله عليه وسلم الى

الخيارات:
1) عبادة ما كان يعبد من قبلهم
2) قيام الليل
3) التوحيد وترك عبادة الأصنام",2,True,3,1.0,1.0,-0.0,False,111,4334.207,0.0,0.0,1.0,0.0,0.0,2,True,3,1.0,1.0,-0.0,False,111,2677.773,0.0,0.0,1.0,0.0,0.0,True,True,False,False,False
ammlu_4304,4304,General Knowledge,Primary,Jordan,هي التي تؤخذ من الأشجار وتختلف جودتها وصلابتها باختلاف نوع الأشجار التي أخذت منها:  ,,خشب اللاتيه ,الخشب المضغوط ,الأخشاب المصنعة ,الأخشاب الطبيعية ,,4,3,"اختر الإجابة الصحيحة من الخيارات التالية. أخرج رقمًا واحدًا فقط.

السؤال:
هي التي تؤخذ من الأشجار وتختلف جودتها وصلابتها باختلاف نوع الأشجار التي أخذت منها:

الخيارات:
1) خشب اللاتيه
2) الخشب المضغوط
3) الأخشاب المصنعة
4) الأخشاب الطبيعية",2,True,3,1.0,1.0,-0.0,False,125,5592.704,0.0,0.0,1.0,0.0,0.0,2,True,3,1.0,1.0,-0.0,False,125,3466.829,0.0,0.0,1.0,0.0,0.0,False,False,False,False,False
ammlu_14151,14151,Islamic Studies,High,Jordan,"هي ما يتعرض الإنسان في منامه من أمور مختلطة، ومصدرها الشيطان أو حديث النفس مما يشغل بال
الإنسان ومنها ما هو تحزين الشيطان وتخويف منه ووسوسته",,الحقيقة,الرؤى,الأحلام,الإلهام,,4,2,"اختر الإجابة الصحيحة من الخيارات التالية. أخرج رقمًا واحدًا فقط.

السؤال:
هي ما يتعرض الإنسان في منامه من أمور مختلطة، ومصدرها الشيطان أو حديث النفس مما يشغل بال
الإنسان ومنها ما هو تحزين الشيطان وتخويف منه ووسوسته

الخيارات:
1) الحقيقة
2) الرؤى
3) الأحلام
4) الإلهام",2,True,3,1.0,1.0,-0.0,False,141,5545.97,0.0,0.0,1.0,0.0,0.0,2,True,3,1.0,1.0,-0.0,False,141,3442.082,0.0,0.0,1.0,0.0,0.0,True,True,False,False,False
ammlu_13700,13700,Islamic Studies,Primary,Palestine,عندما أحل واجباتي فإنني,,أعطيه لأمي لتحله,لا أحله,أعتمد على نفسي,,,3,2,"اختر الإجابة الصحيحة من الخيارات التالية. أخرج رقمًا واحدًا فقط.

السؤال:
عندما أحل واجباتي فإنني

الخيارات:
1) أعطيه لأمي لتحله
2) لا أحله
3) أعتمد على نفسي",2,True,3,1.0,1.0,-0.0,False,101,4341.791,0.0,0.0,1.0,0.0,0.0,2,True,3,1.0,1.0,-0.0,False,101,2685.358,0.0,0.0,1.0,0.0,0.0,True,True,False,False,False
ammlu_705,705,Driving Test,Unknown,UAE,في الدوّار، إذا لم يكن هناك أي عامل يتحكم بحركة المرور ولا إشارة مرور، من له حق الأولوية؟,,المركبات القادمة من اليسار,المركبات القادمة من الأمام,المركبات القادمة من الخلف,المركبات القادمة من اليمين,,4,0,"اختر الإجابة الصحيحة من الخيارات التالية. أخرج رقمًا واحدًا فقط.

السؤال:
في الدوّار، إذا لم يكن هناك أي عامل يتحكم بحركة المرور ولا إشارة مرور، من له حق الأولوية؟

الخيارات:
1) المركبات القادمة من اليسار
2) المركبات القادمة من الأمام
3) المركبات القادمة من الخلف
4) المركبات القادمة من اليمين",2,True,3,1.0,1.0,-0.0,False,141,5532.043,0.0,0.0,1.0,0.0,0.0,2,True,3,1.0,1.0,-0.0,False,141,3428.253,0.0,0.0,1.0,0.0,0.0,False,False,False,False,False
ammlu_241,241,Islamic Studies,Unknown,Unknown,كم عدد الأشهر الحُرُم؟,,ثلاثة أشهر,أربعة أشهر,خمسة أشهر,ستة أشهر,,4,1,"اختر الإجابة الصحيحة من الخيارات التالية. أخرج رقمًا واحدًا فقط.

السؤال:
كم عدد الأشهر الحُرُم؟

الخيارات:
1) ثلاثة أشهر
2) أربعة أشهر
3) خمسة أشهر
4) ستة أشهر",2,True,3,1.0,1.0,-0.0,False,98,5537.408,0.0,0.0,1.0,0.0,0.0,2,True,3,1.0,1.0,-0.0,False,98,3433.72,0.0,0.0,1.0,0.0,0.0,False,False,False,False,False
ammlu_740,740,Driving Test,Unknown,UAE,معظم الحوادث التي تكون باصطدام مقدمة مركبة بمؤخرة أخرى داخل حدود المدينة تحدث بسبب...؟,,نقص في إشارات القيادة,الإنعطاف,الفرملة,فشل في الحفاظ على المسافات بين المركبات,,4,3,"اختر الإجابة الصحيحة من الخيارات التالية. أخرج رقمًا واحدًا فقط.

السؤال:
معظم الحوادث التي تكون باصطدام مقدمة مركبة بمؤخرة أخرى داخل حدود المدينة تحدث بسبب...؟

الخيارات:
1) نقص في إشارات القيادة
2) الإنعطاف
3) الفرملة
4) فشل في الحفاظ على المسافات بين المركبات",2,True,3,1.0,1.0,-0.0,False,136,5541.599,0.0,0.0,1.0,0.0,0.0,2,True,3,1.0,1.0,-0.0,False,136,3437.804,0.0,0.0,1.0,0.0,0.0,False,False,False,False,False
ammlu_9068,9068,Geography,High,Jordan,: المرحلة التي ظهر فيها  تاثير الانسان  بشكل محدود على البيئة هي مرحلة,,الجمع والصيد,الثروة الصناعية,الزراعية,ثورة المعلومات واالتصاالت,,4,2,"اختر الإجابة الصحيحة من الخيارات التالية. أخرج رقمًا واحدًا فقط.

السؤال:
: المرحلة التي ظهر فيها  تاثير الانسان  بشكل محدود على البيئة هي مرحلة

الخيارات:
1) الجمع والصيد
2) الثروة الصناعية
3) الزراعية
4) ثورة المعلومات واالتصاالت",2,True,3,1.0,1.0,-0.0,False,118,5607.829,0.0,0.0,1.0,0.0,0.0,2,True,3,1.0,1.0,-0.0,False,118,3471.841,0.0,0.0,1.0,0.0,0.0,True,True,False,False,False
ammlu_9473,9473,Math,Primary,Palestine,العدد سبعة عشر =,,1+6,10+1,10+7,,,3,2,"اختر الإجابة الصحيحة من الخيارات التالية. أخرج رقمًا واحدًا فقط.

السؤال:
العدد سبعة عشر =

الخيارات:
1) 1+6
2) 10+1
3) 10+7",2,True,3,1.0,1.0,-0.0,False,92,13646.965,0.0,0.0,1.0,0.0,0.0,2,True,3,1.0,1.0,-0.0,False,92,8530.967,0.0,0.0,1.0,0.0,0.0,True,True,False,False,False
ammlu_10227,10227,Biology,High,Egypt,عدد نتواءات الفقرة القطنية,,4,5,6,7,,4,3,"اختر الإجابة الصحيحة من الخيارات التالية. أخرج رقمًا واحدًا فقط.

السؤال:
عدد نتواءات الفقرة القطنية

الخيارات:
1) 4
2) 5
3) 6
4) 7",3,True,4,1.0,1.0,-0.0,False,93,5613.236,0.0,0.0,0.0,1.0,0.0,3,True,4,1.0,1.0,-0.0,False,93,3477.123,0.0,0.0,0.0,1.0,0.0,True,True,False,False,False
ammlu_10242,10242,Biology,High,Egypt,أطول عظمة فى جسم الإنسان,,العضد,الفخذ,القصبة,لا توجد إجابة صحيحة,,4,1,"اختر الإجابة الصحيحة من الخيارات التالية. أخرج رقمًا واحدًا فقط.

السؤال:
أطول عظمة فى جسم الإنسان

الخيارات:
1) العضد
2) الفخذ
3) القصبة
4) لا توجد إجابة صحيحة",2,True,3,1.0,1.0,-0.0,False,101,5617.353,0.0,0.0,1.0,0.0,0.0,2,True,3,1.0,1.0,-0.0,False,101,3481.286,0.0,0.0,1.0,0.0,0.0,False,False,False,False,False
ammlu_11595,11595,Economics,High,Jordan,احدى الجمل التالية غير صحيحة فيما يتعلق بالاسهم العادية :,,منح حملة الأسهم حق المشاركة في انتخاب أعضاء مجلس الإدارة للشركة,"منح مالكي الأسهم الحق في الحصول على أرباح في نهاية كل سنة مالية عند تحقيق الشركة الأرباح،
وتوزيعها على حملة الأسهم",تعُّرض حملة الأسهم لمخاطر كثيرة,تمتُّع حملة الأسهم بحق الحصول على نسب ثابتة من الأرباح في نهاية كل سنة مالية، بغض النظر عن تحقيق الشركة أرباحاً أو تكبدها خسائر,,4,3,"اختر الإجابة الصحيحة من الخيارات التالية. أخرج رقمًا واحدًا فقط.

السؤال:
احدى الجمل التالية غير صحيحة فيما يتعلق بالاسهم العادية :

الخيارات:
1) منح حملة الأسهم حق المشاركة في انتخاب أعضاء مجلس الإدارة للشركة
2) منح مالكي الأسهم الحق في الحصول على أرباح في نهاية كل سنة مالية عند تحقيق الشركة الأرباح،
وتوزيعها على حملة الأسهم
3) تعُّرض حملة الأسهم لمخاطر كثيرة
4) تمتُّع حملة الأسهم بحق الحصول على نسب ثابتة من الأرباح في نهاية كل سنة مالية، بغض النظر عن تحقيق الشركة أرباحاً أو تكبدها خسائر",2,True,3,1.0,1.0,-0.0,False,211,5620.961,0.0,0.0,1.0,0.0,0.0,2,True,3,1.0,1.0,-0.0,False,211,3484.857,0.0,0.0,1.0,0.0,0.0,False,False,False,False,False
ammlu_8659,8659,Geography,High,Egypt,تحتكم المغرب في احقيتها لسبتة ومليلة إلي عنصري.......,,الاعتراف الدولي و البعد التارخيي,البعد التارخيي و الموقع الجغرافي,البعد الدميوجرافي و الاعتراف الدولي,الموقع الجغرافي و الشرعية,,4,3,"اختر الإجابة الصحيحة من الخيارات التالية. أخرج رقمًا واحدًا فقط.

السؤال:
تحتكم المغرب في احقيتها لسبتة ومليلة إلي عنصري.......

الخيارات:
1) الاعتراف الدولي و البعد التارخيي
2) البعد التارخيي و الموقع الجغرافي
3) البعد الدميوجرافي و الاعتراف الدولي
4) الموقع الجغرافي و الشرعية",2,True,3,1.0,1.0,-0.0,False,140,5356.987,0.0,0.0,1.0,0.0,0.0,2,True,3,1.0,1.0,-0.0,False,140,3364.774,0.0,0.0,1.0,0.0,0.0,False,False,False,False,False
ammlu_8776,8776,Geography,High,Unknown,اشتهرت حضارة فيلكا بقيام الزراعة فيها وذلك ل :-,,خصوبة التربة.,كثرة الجبال.,هبوب الرياح.,موقعها المتوسط.,,4,2,"اختر الإجابة الصحيحة من الخيارات التالية. أخرج رقمًا واحدًا فقط.

السؤال:
اشتهرت حضارة فيلكا بقيام الزراعة فيها وذلك ل :-

الخيارات:
1) خصوبة التربة.
2) كثرة الجبال.
3) هبوب الرياح.
4) موقعها المتوسط.",0,True,1,1.0,1.0,-0.0,False,115,5362.523,1.0,0.0,0.0,0.0,0.0,0,True,1,1.0,1.0,-0.0,False,115,3370.195,1.0,0.0,0.0,0.0,0.0,False,False,False,False,False
ammlu_6756,6756,Arabic Language,High,Egypt,"
«الطلاب يرجون النجاح»، «الطالبات يرجون النجاح».

زن الفعل «يرجون» في الجملتين على الترتيب.",,يفعلون، يفعلن.,يفعون، يفعلون.,يفعلون، يفعون.,يفعون، يفعلن.,,4,3,"اختر الإجابة الصحيحة من الخيارات التالية. أخرج رقمًا واحدًا فقط.

السؤال:
«الطلاب يرجون النجاح»، «الطالبات يرجون النجاح».

زن الفعل «يرجون» في الجملتين على الترتيب.

الخيارات:
1) يفعلون، يفعلن.
2) يفعون، يفعلون.
3) يفعلون، يفعون.
4) يفعون، يفعلن.",1,True,2,1.0,1.0,-0.0,False,143,5366.598,0.0,1.0,0.0,0.0,0.0,1,True,2,1.0,1.0,-0.0,False,143,3374.249,0.0,1.0,0.0,0.0,0.0,False,False,False,False,False
ammlu_9687,9687,Natural Science,Middle,Jordan,تشمل ....... جميع الكائنات بدائية النواة  ,,الفطريات,البدائيات,المملكة  ,كل ما ذكر   ,,4,1,"اختر الإجابة الصحيحة من الخيارات التالية. أخرج رقمًا واحدًا فقط.

السؤال:
تشمل ....... جميع الكائنات بدائية النواة

الخيارات:
1) الفطريات
2) البدائيات
3) المملكة
4) كل ما ذكر",3,True,4,1.0,1.0,-0.0,False,101,5370.93,0.0,0.0,0.0,1.0,0.0,2,True,3,1.0,1.0,-0.0,False,101,3377.794,0.0,0.0,1.0,0.0,0.0,False,False,False,False,True
ammlu_7340,7340,Computer Science,Middle,Jordan,لتخصيص صورة تحل محل الخلفية الافتراضية تنقر زر: ,,خلفية سطح المكتب ,لون النافذة ,شاشة توقف ,الأصوات ,,4,0,"اختر الإجابة الصحيحة من الخيارات التالية. أخرج رقمًا واحدًا فقط.

السؤال:
لتخصيص صورة تحل محل الخلفية الافتراضية تنقر زر:

الخيارات:
1) خلفية سطح المكتب
2) لون النافذة
3) شاشة توقف
4) الأصوات",2,True,3,1.0,1.0,-0.0,False,116,5505.306,0.0,0.0,1.0,0.0,0.0,2,True,3,1.0,1.0,-0.0,False,116,3408.218,0.0,0.0,1.0,0.0,0.0,False,False,False,False,False
ammlu_4482,4482,General Knowledge,Middle,Jordan,مكواة تتكون من خزان بخاري يضخ البخار الساخن المضغوط عبر الفوهات.  ,,مكواة كهربائية جافة  ,مكواة كهربائية بخارية ذات قاعدة معدنية  ,مكواة كهربائية بخارية دون قاعدة معدنية  ,مكواة مبللة  ,,4,2,"اختر الإجابة الصحيحة من الخيارات التالية. أخرج رقمًا واحدًا فقط.

السؤال:
مكواة تتكون من خزان بخاري يضخ البخار الساخن المضغوط عبر الفوهات.

الخيارات:
1) مكواة كهربائية جافة
2) مكواة كهربائية بخارية ذات قاعدة معدنية
3) مكواة كهربائية بخارية دون قاعدة معدنية
4) مكواة مبللة",1,True,2,1.0,1.0,-0.0,False,153,5510.866,0.0,1.0,0.0,0.0,0.0,1,True,2,1.0,1.0,-0.0,False,153,3413.583,0.0,1.0,0.0,0.0,0.0,False,False,False,False,False
ammlu_8301,8301,Geography,High,Jordan,من الدول العربية التي تتأثر في مناخ الإقليم المداري الموسمي:,,المغرب,تونس,الصومال,اليمن,,4,3,"اختر الإجابة الصحيحة من الخيارات التالية. أخرج رقمًا واحدًا فقط.

السؤال:
من الدول العربية التي تتأثر في مناخ الإقليم المداري الموسمي:

الخيارات:
1) المغرب
2) تونس
3) الصومال
4) اليمن",2,True,3,1.0,1.0,-0.0,False,101,5514.852,0.0,0.0,1.0,0.0,0.0,2,True,3,1.0,1.0,-0.0,False,101,3417.69,0.0,0.0,1.0,0.0,0.0,False,False,False,False,False
ammlu_7045,7045,Political Science,Univ,Egypt,تمدم ........رؤية شاملة عن البشر كمخلولات اجتماعية لادرة علي التغلب علي المصاعب الالتصادية واالجتماعية باالعتماد علي لوة الجماعة بدال من المجهود الفردي البسيط,,المحافظة,الفوضوية,اإلشتراكية,الليبرالية,,4,2,"اختر الإجابة الصحيحة من الخيارات التالية. أخرج رقمًا واحدًا فقط.

السؤال:
تمدم ........رؤية شاملة عن البشر كمخلولات اجتماعية لادرة علي التغلب علي المصاعب الالتصادية واالجتماعية باالعتماد علي لوة الجماعة بدال من المجهود الفردي البسيط

الخيارات:
1) المحافظة
2) الفوضوية
3) اإلشتراكية
4) الليبرالية",2,True,3,1.0,1.0,-0.0,False,143,5519.133,0.0,0.0,1.0,0.0,0.0,2,True,3,1.0,1.0,-0.0,False,143,3421.954,0.0,0.0,1.0,0.0,0.0,True,True,False,False,False
ammlu_14430,14430,Civics,Middle,Jordan,عمل معظم أهالي شرق الأردن في عهد الإمارة ‏ في مجال :,,الصناعة والزراعة,الرعي والتجارة,التجارة والزراعة, الزارعة والرعي,,4,3,"اختر الإجابة الصحيحة من الخيارات التالية. أخرج رقمًا واحدًا فقط.

السؤال:
عمل معظم أهالي شرق الأردن في عهد الإمارة ‏ في مجال :

الخيارات:
1) الصناعة والزراعة
2) الرعي والتجارة
3) التجارة والزراعة
4) الزارعة والرعي",2,True,3,1.0,1.0,-0.0,False,113,4727.202,0.0,0.0,1.0,0.0,0.0,2,True,3,1.0,1.0,-0.0,False,113,2922.41,0.0,0.0,1.0,0.0,0.0,False,False,False,False,False
ammlu_13630,13630,Islamic Studies,Primary,Palestine,أول ركن في الإسلام,,الصلاة ,الشهادتان,الزكاة,,,3,1,"اختر الإجابة الصحيحة من الخيارات التالية. أخرج رقمًا واحدًا فقط.

السؤال:
أول ركن في الإسلام

الخيارات:
1) الصلاة
2) الشهادتان
3) الزكاة",0,True,1,1.0,1.0,-0.0,False,88,13636.773,1.0,0.0,0.0,0.0,0.0,0,True,1,1.0,1.0,-0.0,False,88,8521.457,1.0,0.0,0.0,0.0,0.0,False,False,False,False,False
ammlu_2182,2182,Natural Science,Primary,Jordan,"تختلف الأنظمة البيئية في حجومها, فقد تكون كبيرة مثل الغابة أو صغيرة مثل بركة الماء.",,العبارة خاطئة,العبارة صحيحة,,,,2,1,"اختر الإجابة الصحيحة من الخيارات التالية. أخرج رقمًا واحدًا فقط.

السؤال:
تختلف الأنظمة البيئية في حجومها, فقد تكون كبيرة مثل الغابة أو صغيرة مثل بركة الماء.

الخيارات:
1) العبارة خاطئة
2) العبارة صحيحة",1,True,2,1.0,1.0,-0.0,False,106,4225.791,0.0,1.0,0.0,0.0,0.0,1,True,2,1.0,1.0,-0.0,False,106,2599.44,0.0,1.0,0.0,0.0,0.0,True,True,False,False,False
ammlu_6335,6335,Arabic Language,Primary,Jordan,أصبح القمر ....,,بدرا,خافقا,غائما,لا شيء مما ذكر,,4,0,"اختر الإجابة الصحيحة من الخيارات التالية. أخرج رقمًا واحدًا فقط.

السؤال:
أصبح القمر ....

الخيارات:
1) بدرا
2) خافقا
3) غائما
4) لا شيء مما ذكر",2,True,3,1.0,1.0,-0.0,False,92,4732.6,0.0,0.0,1.0,0.0,0.0,2,True,3,1.0,1.0,-0.0,False,92,2927.708,0.0,0.0,1.0,0.0,0.0,False,False,False,False,False
ammlu_13514,13514,Islamic Studies,Primary,Palestine,أقرأ القرآن وأنا متسخ.,,صح,خطأ,,,,2,1,"اختر الإجابة الصحيحة من الخيارات التالية. أخرج رقمًا واحدًا فقط.

السؤال:
أقرأ القرآن وأنا متسخ.

الخيارات:
1) صح
2) خطأ",0,True,1,1.0,1.0,-0.0,False,80,4219.521,1.0,0.0,0.0,0.0,0.0,0,True,1,1.0,1.0,-0.0,False,80,2593.316,1.0,0.0,0.0,0.0,0.0,False,False,False,False,False
ammlu_2757,2757,History,High,Jordan,من مؤلفات الملك عبدالله الاول :,,جواب السائل عن الخيل الأصائل,ليس سهلا ان تكون ملكا,حربنا مع اسرائيل,مهنتي كملك,,4,0,"اختر الإجابة الصحيحة من الخيارات التالية. أخرج رقمًا واحدًا فقط.

السؤال:
من مؤلفات الملك عبدالله الاول :

الخيارات:
1) جواب السائل عن الخيل الأصائل
2) ليس سهلا ان تكون ملكا
3) حربنا مع اسرائيل
4) مهنتي كملك",2,True,3,1.0,1.0,-0.0,False,113,4736.644,0.0,0.0,1.0,0.0,0.0,1,True,2,1.0,1.0,-0.0,False,113,2931.934,0.0,1.0,0.0,0.0,0.0,False,False,False,False,True
ammlu_5841,5841,Social Science,Primary,Palestine,نصنع الملابس من الأخشاب.,,صح,خطأ,,,,2,1,"اختر الإجابة الصحيحة من الخيارات التالية. أخرج رقمًا واحدًا فقط.

السؤال:
نصنع الملابس من الأخشاب.

الخيارات:
1) صح
2) خطأ",0,True,1,1.0,1.0,-0.0,False,80,3675.643,1.0,0.0,0.0,0.0,0.0,0,True,1,1.0,1.0,-0.0,False,80,2279.608,1.0,0.0,0.0,0.0,0.0,False,False,False,False,False
ammlu_6024,6024,Social Science,Primary,Palestine,نصنع الزيت من ثمرة الزيتون,,صح,خطأ,,,,2,0,"اختر الإجابة الصحيحة من الخيارات التالية. أخرج رقمًا واحدًا فقط.

السؤال:
نصنع الزيت من ثمرة الزيتون

الخيارات:
1) صح
2) خطأ",0,True,1,1.0,1.0,-0.0,False,83,3681.07,1.0,0.0,0.0,0.0,0.0,0,True,1,1.0,1.0,-0.0,False,83,2284.888,1.0,0.0,0.0,0.0,0.0,True,True,False,False,False
ammlu_9970,9970,Biology,High,Jordan,تحدث عملية النسخ في تصنيع البروتين حيث يتكون معقد بدء النسخ وذلك في خطوة يطلق عليها,,بدء النسخ,استطالة النسخ,انتهاء النسخ,معالجة RNA,,4,0,"اختر الإجابة الصحيحة من الخيارات التالية. أخرج رقمًا واحدًا فقط.

السؤال:
تحدث عملية النسخ في تصنيع البروتين حيث يتكون معقد بدء النسخ وذلك في خطوة يطلق عليها

الخيارات:
1) بدء النسخ
2) استطالة النسخ
3) انتهاء النسخ
4) معالجة RNA",0,True,1,1.0,1.0,-0.0,False,123,4740.981,1.0,0.0,0.0,0.0,0.0,0,True,1,1.0,1.0,-0.0,False,123,2936.245,1.0,0.0,0.0,0.0,0.0,True,True,False,False,False
ammlu_12842,12842,Islamic Studies,Primary,Jordan,تزوج الرسول محمد عليه الصلاة والسلام من السيدة خديجة رضي الله عنها :,,غير صحيح,صحيح,,,,2,1,"اختر الإجابة الصحيحة من الخيارات التالية. أخرج رقمًا واحدًا فقط.

السؤال:
تزوج الرسول محمد عليه الصلاة والسلام من السيدة خديجة رضي الله عنها :

الخيارات:
1) غير صحيح
2) صحيح",1,True,2,1.0,1.0,-0.0,False,95,3685.884,0.0,1.0,0.0,0.0,0.0,0,True,1,1.0,1.0,-0.0,False,95,2288.6,1.0,0.0,0.0,0.0,0.0,True,False,True,False,True
ammlu_7061,7061,Political Science,Univ,Egypt,إن الاھتمام الغربي بحقوف الإنسان قد بدأ اساسا ً بالأفكار التي جاءت بھا:,,الثورة الروسیة,الثورة الإنجلیزیة,الثورة الفرنسیة,,,3,2,"اختر الإجابة الصحيحة من الخيارات التالية. أخرج رقمًا واحدًا فقط.

السؤال:
إن الاھتمام الغربي بحقوف الإنسان قد بدأ اساسا ً بالأفكار التي جاءت بھا:

الخيارات:
1) الثورة الروسیة
2) الثورة الإنجلیزیة
3) الثورة الفرنسیة",2,True,3,1.0,1.0,-0.0,False,122,13642.204,0.0,0.0,1.0,0.0,0.0,2,True,3,1.0,1.0,-0.0,False,122,8526.857,0.0,0.0,1.0,0.0,0.0,True,True,False,False,False
ammlu_11981,11981,Arabic Language (General),Unknown,Unknown,"اقرأ النص القصير التالي ثم اختر البديل المناسب لـ [فراغ] الذي يكمل الجملة بشكل صحيح
 المقصود بقوله (لها أنْ تعمل خارج بيتها) [فراغ].",عَمَلُ الْمَرْأَةِ هَلْ تَعْمَلُ المَرْأَةُ خَارِجَ بَيْتِها، أَمْ لَا تَعْمَلُ؟ يَخْتَلِفُ النَّاسُ فِي الإجَابَةِ عَنْ هَذَا السُّؤالِ إِلَى ثَلاثِ فِرَقٍ؛ فَرِيقٍ يَقُولُ: نَعَمْ، يَجِبُ أَنْ تَعْمَلَ المَرْأَةُ خَارِجَ بَيْتِها، مِثْلَ الرَّجُلِ؛ وَفَرِيقٍ آخَرَ يَقُولُ: لا يَصِحُّ أَنْ تَعْمَلَ المَرْأَةُ خَارِجَ بَيْتِهَا؛ وَفَرِيقٍ ثَالِثٍ يَقُولُ: تَعْمَلُ المَرْأَةُ خَارِجَ بَيْتِهَا؛ ولكن بشرط. يَقُولُ الفَرِيقُ الأَوَّلُ: إِنَّ المرأةَ نِصْفُ المُجْتَمَعِ، وَلَا يَصِحُّ أَنْ تَجْلِسَ فِي بَيْتِهَا؛ تَغْسِلُ المَلَابِسَ، وَتُعِدُّ الطَّعَامَ، وَتُنَظِّفُ البَيْتَ، وَتُرَبِّي الْأَوْلَادَ، وَهِيَ عِنْدَهُم جُزْءٌ مِنَ الاقْتِصَادِ، تَعْمَلُ وَتَأْخُذُ أَجْرَ عَمَلِها. وَيَرَى الفَرِيقُ الثَّانِي أَنَّ وَظِيفَةَ الْمَرْأَةِ الأَسَاسِيَّةَ أَنْ تَكُونَ فِي البَيْتِ؛ حَيْثُ تُدِيرُهُ، وَتُرَبِّي أَوْلادَهَا، وَيَرَى هَذَا الْفَرِيقُ أَنَّ الرَّاتِبَ الذِي تَأْخُذُهُ المَرْأَةُ مِنْ عَمَلِها، تُعْطِيهِ لِلْخَادِمَةِ التِي تُفْسِدُ الأَوْلادَ وَلَاتُصْلِحُهُم، وَيَقُولُ هَذَا الفَرِيقُ: إِنَّ خُرُوجَ المَرْأَةِ مِنَ البَيْتِ يُؤَدِّي إِلَى تَفَكُّكِ الأُسْرَةِ، وَضَيَاعِ الأَوْلادِ. أَمَّا الفَرِيقُ الثَّالِثُ فَيَرَى أَنَّ العَمَلَ حَقٌّ لِلْمَرْأَةِ فَتَعْمَلُ عَمَلَهَا الأَسَاسِيّ فِي بَيْتِها، وَلَهَا أَنْ تَعْمَلَ خَارِجَ بَيْتِهَا، بِشَرْطٍ أَنْ تَعْمَلَ فِي المَجَالَاتِ الَّتِي تُنَاسِبُهَا، وَتَحْفَظُ أَخْلَاقَهَا، وَتُبْعِدُهَا عَنْ مُخَالَطَةِ الرِّجَالِ، كَالعَمَلِ فِي الْمَجَالِ الطِّبِّي؛ فَتَعْمَلُ طَبِيبَةً، أَوْ مُمَرِّضَةً، أَوْ فِي المَجَالِ التَّعْلِيمِي؛ فَتَعْمَلُ مُعَلِّمَةً، أَوْ مُرَبِّيَةَ، أَوْ غَيْرَ ذَلِكَ فِي مُجْتَمَعٍ نِسَائِيّ.,ليس من حقها خارج البيت,يجب عليها أن تعمل خارج البيت,من حقها أن تعمل خارج البيت,,,3,2,"اختر الإجابة الصحيحة من الخيارات التالية. أخرج رقمًا واحدًا فقط.

السؤال:
عَمَلُ الْمَرْأَةِ هَلْ تَعْمَلُ المَرْأَةُ خَارِجَ بَيْتِها، أَمْ لَا تَعْمَلُ؟ يَخْتَلِفُ النَّاسُ فِي الإجَابَةِ عَنْ هَذَا السُّؤالِ إِلَى ثَلاثِ فِرَقٍ؛ فَرِيقٍ يَقُولُ: نَعَمْ، يَجِبُ أَنْ تَعْمَلَ المَرْأَةُ خَارِجَ بَيْتِها، مِثْلَ الرَّجُلِ؛ وَفَرِيقٍ آخَرَ يَقُولُ: لا يَصِحُّ أَنْ تَعْمَلَ المَرْأَةُ خَارِجَ بَيْتِهَا؛ وَفَرِيقٍ ثَالِثٍ يَقُولُ: تَعْمَلُ المَرْأَةُ خَارِجَ بَيْتِهَا؛ ولكن بشرط. يَقُولُ الفَرِيقُ الأَوَّلُ: إِنَّ المرأةَ نِصْفُ المُجْتَمَعِ، وَلَا يَصِحُّ أَنْ تَجْلِسَ فِي بَيْتِهَا؛ تَغْسِلُ المَلَابِسَ، وَتُعِدُّ الطَّعَامَ، وَتُنَظِّفُ البَيْتَ، وَتُرَبِّي الْأَوْلَادَ، وَهِيَ عِنْدَهُم جُزْءٌ مِنَ الاقْتِصَادِ، تَعْمَلُ وَتَأْخُذُ أَجْرَ عَمَلِها. وَيَرَى الفَرِيقُ الثَّانِي أَنَّ وَظِيفَةَ الْمَرْأَةِ الأَسَاسِيَّةَ أَنْ تَكُونَ فِي البَيْتِ؛ حَيْثُ تُدِيرُهُ، وَتُرَبِّي أَوْلادَهَا، وَيَرَى هَذَا الْفَرِيقُ أَنَّ الرَّاتِبَ الذِي تَأْخُذُهُ المَرْأَةُ مِنْ عَمَلِها، تُعْطِيهِ لِلْخَادِمَةِ التِي تُفْسِدُ الأَوْلادَ وَلَاتُصْلِحُهُم، وَيَقُولُ هَذَا الفَرِيقُ: إِنَّ خُرُوج

اقرأ النص القصير التالي ثم اختر البديل المناسب لـ [فراغ] الذي يكمل الجملة بشكل صحيح
 المقصود بقوله (لها أنْ تعمل خارج بيتها) [فراغ].

الخيارات:
1) ليس من حقها خارج البيت
2) يجب عليها أن تعمل خارج البيت
3) من حقها أن تعمل خارج البيت",1,True,2,1.0,1.0,-0.0,False,942,13651.24,0.0,1.0,0.0,0.0,0.0,1,True,2,1.0,1.0,-0.0,False,942,8534.536,0.0,1.0,0.0,0.0,0.0,False,False,False,False,False
ammlu_491,491,Islamic Studies,Unknown,Unknown,من هو النبي الذي أقسم بحياته في القرآن الكريم؟,,ابراهيم عليه السلام,عيسى عليه السلام,موسى عليه السلام,محمد صلى الله عليه وسلم,,4,3,"اختر الإجابة الصحيحة من الخيارات التالية. أخرج رقمًا واحدًا فقط.

السؤال:
من هو النبي الذي أقسم بحياته في القرآن الكريم؟

الخيارات:
1) ابراهيم عليه السلام
2) عيسى عليه السلام
3) موسى عليه السلام
4) محمد صلى الله عليه وسلم",0,True,1,1.0,1.0,-0.0,False,108,4891.841,1.0,0.0,0.0,0.0,0.0,2,True,3,1.0,1.0,-0.0,False,108,2999.993,0.0,0.0,1.0,0.0,0.0,False,False,False,False,True
ammlu_3686,3686,General Knowledge,Unknown,Unknown,من أول من أخترع بارود البنادق؟,,العرب,الصينيون,الروم,الفرس,,4,0,"اختر الإجابة الصحيحة من الخيارات التالية. أخرج رقمًا واحدًا فقط.

السؤال:
من أول من أخترع بارود البنادق؟

الخيارات:
1) العرب
2) الصينيون
3) الروم
4) الفرس",2,True,3,1.0,1.0,-0.0,False,96,4882.632,0.0,0.0,1.0,0.0,0.0,2,True,3,1.0,1.0,-0.0,False,96,2990.937,0.0,0.0,1.0,0.0,0.0,False,False,False,False,False
ammlu_11280,11280,Economics,Middle,Jordan,الأسباب التي تدعو الفرد أو المؤسسة أو الحكومة إلى طلب النقود من البنوك و المؤسسات المالية.  ,,دوافع تجارية  ,دوافع استثمارية  ,دوافع حكومية  ,دوافع الاقتراض ,,4,3,"اختر الإجابة الصحيحة من الخيارات التالية. أخرج رقمًا واحدًا فقط.

السؤال:
الأسباب التي تدعو الفرد أو المؤسسة أو الحكومة إلى طلب النقود من البنوك و المؤسسات المالية.

الخيارات:
1) دوافع تجارية
2) دوافع استثمارية
3) دوافع حكومية
4) دوافع الاقتراض",2,True,3,1.0,1.0,-0.0,False,131,4887.988,0.0,0.0,1.0,0.0,0.0,2,True,3,1.0,1.0,-0.0,False,131,2996.182,0.0,0.0,1.0,0.0,0.0,False,False,False,False,False
ammlu_8014,8014,Geography,Middle,Jordan,أي من التالي يعد من أهداف التنمية الإقليمية ؟ ,,الحد من الهجرة  ,تخفيض حدة البطالة ,تحقيق التوازن بين الأقاليم  ,جميع ما سبق ,,4,3,"اختر الإجابة الصحيحة من الخيارات التالية. أخرج رقمًا واحدًا فقط.

السؤال:
أي من التالي يعد من أهداف التنمية الإقليمية ؟

الخيارات:
1) الحد من الهجرة
2) تخفيض حدة البطالة
3) تحقيق التوازن بين الأقاليم
4) جميع ما سبق",2,True,3,1.0,1.0,-0.0,False,116,4895.404,0.0,0.0,1.0,0.0,0.0,2,True,3,1.0,1.0,-0.0,False,116,3003.547,0.0,0.0,1.0,0.0,0.0,False,False,False,False,False
ammlu_4646,4646,Law,Prof,Morocco,توضع الشرطة القضائية قِ دائرة:,,نفوذ كل محكمة ابتدائية,نفوذ كل محكمة استئناف,ميع الأجوبة خاطئة,,,3,1,"اختر الإجابة الصحيحة من الخيارات التالية. أخرج رقمًا واحدًا فقط.

السؤال:
توضع الشرطة القضائية قِ دائرة:

الخيارات:
1) نفوذ كل محكمة ابتدائية
2) نفوذ كل محكمة استئناف
3) ميع الأجوبة خاطئة",1,True,2,1.0,1.0,-0.0,False,111,4723.753,0.0,1.0,0.0,0.0,0.0,1,True,2,1.0,1.0,-0.0,False,111,2930.142,0.0,1.0,0.0,0.0,0.0,True,True,False,False,False
ammlu_7996,7996,Geography,Middle,Jordan,يقوم ……… بنفاذ المياه إلى باطن التربة ويقلل من الجريان السطحي.  ,,عرض النهر ,الغطاء النباتي ,التصريف النهري ,درجة الانحدار ,,4,1,"اختر الإجابة الصحيحة من الخيارات التالية. أخرج رقمًا واحدًا فقط.

السؤال:
يقوم ……… بنفاذ المياه إلى باطن التربة ويقلل من الجريان السطحي.

الخيارات:
1) عرض النهر
2) الغطاء النباتي
3) التصريف النهري
4) درجة الانحدار",2,True,3,1.0,1.0,-0.0,False,120,9017.272,0.0,0.0,1.0,0.0,0.0,2,True,3,1.0,1.0,-0.0,False,120,5601.869,0.0,0.0,1.0,0.0,0.0,False,False,False,False,False
ammlu_9796,9796,Biology,High,Palestine,عدد الكروموسومات في الخلية البيضية الثانوية,,23,32,46,47,,4,0,"اختر الإجابة الصحيحة من الخيارات التالية. أخرج رقمًا واحدًا فقط.

السؤال:
عدد الكروموسومات في الخلية البيضية الثانوية

الخيارات:
1) 23
2) 32
3) 46
4) 47",2,True,3,1.0,1.0,-0.0,False,102,9022.576,0.0,0.0,1.0,0.0,0.0,2,True,3,1.0,1.0,-0.0,False,102,5607.329,0.0,0.0,1.0,0.0,0.0,False,False,False,False,False
ammlu_12310,12310,Arabic Language (Grammar),Unknown,Unknown,"اختر حرف الجر المناسب لوضعه بدلاً من [فراغ] في الجملة التالية:
يأخُذُ الطلابَ العلم [فراغ] شُيُخِهِم .",,ب,في,عن,ك,على,5,2,"اختر الإجابة الصحيحة من الخيارات التالية. أخرج رقمًا واحدًا فقط.

السؤال:
اختر حرف الجر المناسب لوضعه بدلاً من [فراغ] في الجملة التالية:
يأخُذُ الطلابَ العلم [فراغ] شُيُخِهِم .

الخيارات:
1) ب
2) في
3) عن
4) ك
5) على",2,True,3,1.0,1.0,-0.0,False,129,4625.507,0.0,0.0,1.0,0.0,0.0,2,True,3,1.0,1.0,-0.0,False,129,2853.037,0.0,0.0,1.0,0.0,0.0,True,True,False,False,False
ammlu_11837,11837,Arabic Language (General),Unknown,Unknown,"اقرأ الفقرة التالية ثم اختر البديل المناسب لـ [فراغ] الذي يكمل الجملة بشكل صحيح
 دعا ابن سحنون إلى أن يعلم المعلم طلابه [فراغ].",ولد محمد بن سحنون سنة 202هـ في مدينة القيروان، تربى ونشأ على يدي أبيه سحنون الذي كان واحدًا من الفقهاء المشهورين في ذلك الوقت، وهو صاحب كتاب المدونة في الفقه المالكي. توسم الأب في ابنه ذكاء فطريا منذ صغره، فعهد به إلى أحد المؤدبين، وقال له: (لا تؤدبه إلا بالمدح ولطيف الكلام). كان ابن سحنون حجة في التفسير، والفقه والحديث والتاريخ والعقيدة والمناظرة والطبقات والسِّيَر.إلخ، وقد ألف في جميع فنون العلم كتبا كثيرة تبلغ مائتي كتاب أهمها كتاب الإمامة الذي لَمَّا وصل إلى بغداد كُتب بماء الذهب. لم يَعِش ابن سحنون كثيرا، فمات وهو صغير، ولكنه ترك لنا كُتبا مهمة جدا في مختلف المجالات، ومن هذه الكتب (كتاب آداب المعلمين) الذي يعالج فيه قضية مهمة جدا ألا وهي قضية الآداب التي ينبغي أن يتحلى بها المعلم، والمتعلم على السواء. كان من أهم الآداب التي ذكرها ابن سحنون: أن يعلم المعلم طلابه بنفسه، وأن لا يتركهم وينشغل عنهم بالنسخ أو التأليف، وأن لا يضربهم إلا على سوء الأدب أو عدم الحفظ، كما يبين لنا عدد الضربات المسموح بها، والأماكن التي لا يجوز الضرب فيها، كما أنه يوضح لنا السن المناسبة لتعليم القرآن وهو عند الصغر حيث يحفظ الأطفال جيدا، أما الحفظ عند الكبر فَيُنسَى بسرعة، بالإضافة إلى العدل بين الطلاب، وعدم التفريق بين غنيهم وفقيرهم، كما يبين لنا الكتاب أيضا بعض الآداب التي ينبغي أن يتحلى بها طالب العلم من اجتهاد وطاعة للمعلم، واحترام له.,بنفسه,بالمراسلة,من خلال زملائه,من خلال أصدقائه,,4,0,"اختر الإجابة الصحيحة من الخيارات التالية. أخرج رقمًا واحدًا فقط.

السؤال:
ولد محمد بن سحنون سنة 202هـ في مدينة القيروان، تربى ونشأ على يدي أبيه سحنون الذي كان واحدًا من الفقهاء المشهورين في ذلك الوقت، وهو صاحب كتاب المدونة في الفقه المالكي. توسم الأب في ابنه ذكاء فطريا منذ صغره، فعهد به إلى أحد المؤدبين، وقال له: (لا تؤدبه إلا بالمدح ولطيف الكلام). كان ابن سحنون حجة في التفسير، والفقه والحديث والتاريخ والعقيدة والمناظرة والطبقات والسِّيَر.إلخ، وقد ألف في جميع فنون العلم كتبا كثيرة تبلغ مائتي كتاب أهمها كتاب الإمامة الذي لَمَّا وصل إلى بغداد كُتب بماء الذهب. لم يَعِش ابن سحنون كثيرا، فمات وهو صغير، ولكنه ترك لنا كُتبا مهمة جدا في مختلف المجالات، ومن هذه الكتب (كتاب آداب المعلمين) الذي يعالج فيه قضية مهمة جدا ألا وهي قضية الآداب التي ينبغي أن يتحلى بها المعلم، والمتعلم على السواء. كان من أهم الآداب التي ذكرها ابن سحنون: أن يعلم المعلم طلابه بنفسه، وأن لا يتركهم وينشغل عنهم بالنسخ أو التأليف، وأن لا يضربهم إلا على سوء الأدب أو عدم الحفظ، كما يبين لنا عدد الضربات المسموح بها، والأماكن التي لا يجوز الضرب فيها، كما أنه يوضح لنا السن المناسبة لتعليم القرآن وهو عند الصغر حيث يحفظ الأطفال 

اقرأ الفقرة التالية ثم اختر البديل المناسب لـ [فراغ] الذي يكمل الجملة بشكل صحيح
 دعا ابن سحنون إلى أن يعلم المعلم طلابه [فراغ].

الخيارات:
1) بنفسه
2) بالمراسلة
3) من خلال زملائه
4) من خلال أصدقائه",0,True,1,1.0,1.0,-0.0,False,513,9026.672,1.0,0.0,0.0,0.0,0.0,0,True,1,1.0,1.0,-0.0,False,513,5611.394,1.0,0.0,0.0,0.0,0.0,True,True,False,False,False
ammlu_1137,1137,Driving Test,Unknown,Lebanon,يحق لك كدراج أن تتجاوز المركبة التي أمامك:,,عن جهة يسارها,عن جهة يمينها,عن اي جهة كانت,,,3,0,"اختر الإجابة الصحيحة من الخيارات التالية. أخرج رقمًا واحدًا فقط.

السؤال:
يحق لك كدراج أن تتجاوز المركبة التي أمامك:

الخيارات:
1) عن جهة يسارها
2) عن جهة يمينها
3) عن اي جهة كانت",2,True,3,1.0,1.0,-0.0,False,100,4729.082,0.0,0.0,1.0,0.0,0.0,2,True,3,1.0,1.0,-0.0,False,100,2935.455,0.0,0.0,1.0,0.0,0.0,False,False,False,False,False
ammlu_97,97,Islamic Studies,Unknown,Unknown,كم وردت كلمة (أف) في القرآن الكريم ؟,,مرتان,ثلاث مرات,خمس مرات,سبع مرات,,4,1,"اختر الإجابة الصحيحة من الخيارات التالية. أخرج رقمًا واحدًا فقط.

السؤال:
كم وردت كلمة (أف) في القرآن الكريم ؟

الخيارات:
1) مرتان
2) ثلاث مرات
3) خمس مرات
4) سبع مرات",2,True,3,1.0,1.0,-0.0,False,102,9030.217,0.0,0.0,1.0,0.0,0.0,2,True,3,1.0,1.0,-0.0,False,102,5614.995,0.0,0.0,1.0,0.0,0.0,False,False,False,False,False
ammlu_9839,9839,Biology,High,Palestine,من نواتج تحول الطاقة الضوئية إلى طاقة كيميائية في المسار الالكتروني اللاحقي؟,,ATP + غلوكوز,ATP + NADPH,ATP + NADH ,NADH+ غلوكوز,,4,2,"اختر الإجابة الصحيحة من الخيارات التالية. أخرج رقمًا واحدًا فقط.

السؤال:
من نواتج تحول الطاقة الضوئية إلى طاقة كيميائية في المسار الالكتروني اللاحقي؟

الخيارات:
1) ATP + غلوكوز
2) ATP + NADPH
3) ATP + NADH
4) NADH+ غلوكوز",1,True,2,1.0,1.0,-0.0,False,127,7206.775,0.0,1.0,0.0,0.0,0.0,1,True,2,1.0,1.0,-0.0,False,127,4468.672,0.0,1.0,0.0,0.0,0.0,False,False,False,False,False
ammlu_8234,8234,Geography,High,Jordan,تسود المنخفضات الجوية ضمن منطقة هبوب الرياح:,,الغربية العكسية,التجارية,المدارية,الموسمية,,4,0,"اختر الإجابة الصحيحة من الخيارات التالية. أخرج رقمًا واحدًا فقط.

السؤال:
تسود المنخفضات الجوية ضمن منطقة هبوب الرياح:

الخيارات:
1) الغربية العكسية
2) التجارية
3) المدارية
4) الموسمية",2,True,3,1.0,1.0,-0.0,False,100,7212.162,0.0,0.0,1.0,0.0,0.0,2,True,3,1.0,1.0,-0.0,False,100,4474.115,0.0,0.0,1.0,0.0,0.0,False,False,False,False,False
ammlu_11374,11374,Economics,High,Jordan,خطه ماليه يعدها الشخص بنفسه :,,الموازنة الشخصية,الارباح السنوية,المالية الشخصيه,,,3,0,"اختر الإجابة الصحيحة من الخيارات التالية. أخرج رقمًا واحدًا فقط.

السؤال:
خطه ماليه يعدها الشخص بنفسه :

الخيارات:
1) الموازنة الشخصية
2) الارباح السنوية
3) المالية الشخصيه",2,True,3,1.0,1.0,-0.0,False,96,4733.27,0.0,0.0,1.0,0.0,0.0,2,True,3,1.0,1.0,-0.0,False,96,2939.479,0.0,0.0,1.0,0.0,0.0,False,False,False,False,False
ammlu_3058,3058,History,High,Jordan,واحدة من الآتية ليست من القرارات السياسية التي تنم (تدل )على اهتمام الملك الحسين رحمه الله بالقدس,,تشكيل لجنة إعمار المسجد الأقصى المبارك، وقبة الصخرة المشرفة عام 1954,تشكيل اللجنة الملكية لشؤون القدس عام 1971م,استثناء القدس من قرارات فك الارتباط الإداري والقانوني الذي اتُخذ عام 1988م,تشكيل الصندوق الهاشمي لإعمار الأقصى وقبة الصخرة المشرفة,,4,3,"اختر الإجابة الصحيحة من الخيارات التالية. أخرج رقمًا واحدًا فقط.

السؤال:
واحدة من الآتية ليست من القرارات السياسية التي تنم (تدل )على اهتمام الملك الحسين رحمه الله بالقدس

الخيارات:
1) تشكيل لجنة إعمار المسجد الأقصى المبارك، وقبة الصخرة المشرفة عام 1954
2) تشكيل اللجنة الملكية لشؤون القدس عام 1971م
3) استثناء القدس من قرارات فك الارتباط الإداري والقانوني الذي اتُخذ عام 1988م
4) تشكيل الصندوق الهاشمي لإعمار الأقصى وقبة الصخرة المشرفة",2,True,3,1.0,1.0,-0.0,False,211,7216.212,0.0,0.0,1.0,0.0,0.0,2,True,3,1.0,1.0,-0.0,False,211,4478.185,0.0,0.0,1.0,0.0,0.0,False,False,False,False,False
ammlu_6631,6631,Arabic Language,High,Egypt, س3:تحققت أهم مقاييس الصورة البلاغية في الأبيات من خلال :,البلاغة: يقول إبراهيم ناجي 1-صمت السهل ولكن أقبلت من ثنايا السهل أصداء بعيدة 2- كلُّ لحنٍ في هدوء شامل تشتهي النفس به أن تستعيده 3- يتهادي في عباب ساحرٍ باعث للشطِّ أمواجًا مديدة 4-فإذا ما ذهب الليل بها تزخر النفس بأصداء جديدة,ملاءمة الصورة للجو النفسي,الابتكار وعدم التقليد,الجمع بين الواقع والخيال,التعبير عن بيئة الشاعر,,4,0,"اختر الإجابة الصحيحة من الخيارات التالية. أخرج رقمًا واحدًا فقط.

السؤال:
البلاغة: يقول إبراهيم ناجي 1-صمت السهل ولكن أقبلت من ثنايا السهل أصداء بعيدة 2- كلُّ لحنٍ في هدوء شامل تشتهي النفس به أن تستعيده 3- يتهادي في عباب ساحرٍ باعث للشطِّ أمواجًا مديدة 4-فإذا ما ذهب الليل بها تزخر النفس بأصداء جديدة

س3:تحققت أهم مقاييس الصورة البلاغية في الأبيات من خلال :

الخيارات:
1) ملاءمة الصورة للجو النفسي
2) الابتكار وعدم التقليد
3) الجمع بين الواقع والخيال
4) التعبير عن بيئة الشاعر",2,True,3,1.0,1.0,-0.0,False,234,7219.738,0.0,0.0,1.0,0.0,0.0,2,True,3,1.0,1.0,-0.0,False,234,4481.797,0.0,0.0,1.0,0.0,0.0,False,False,False,False,False
ammlu_14133,14133,Islamic Studies,High,Jordan,تعلم زيد بن ثابت من ُخدام رسول الله اللغات الآتية:,,الحبشية,الرومية,القبطية,جميع ما ذكر,,4,3,"اختر الإجابة الصحيحة من الخيارات التالية. أخرج رقمًا واحدًا فقط.

السؤال:
تعلم زيد بن ثابت من ُخدام رسول الله اللغات الآتية:

الخيارات:
1) الحبشية
2) الرومية
3) القبطية
4) جميع ما ذكر",2,True,3,1.0,1.0,-0.0,False,104,4839.126,0.0,0.0,1.0,0.0,0.0,2,True,3,1.0,1.0,-0.0,False,104,2989.693,0.0,0.0,1.0,0.0,0.0,False,False,False,False,False
ammlu_7602,7602,Computer Science,Primary,Palestine,الكتل الحمراء تدل على وجود الفحم,,صح,خطأ,,,,2,1,"اختر الإجابة الصحيحة من الخيارات التالية. أخرج رقمًا واحدًا فقط.

السؤال:
الكتل الحمراء تدل على وجود الفحم

الخيارات:
1) صح
2) خطأ",0,True,1,1.0,1.0,-0.0,False,84,3690.173,1.0,0.0,0.0,0.0,0.0,0,True,1,1.0,1.0,-0.0,False,84,2292.813,1.0,0.0,0.0,0.0,0.0,False,False,False,False,False
ammlu_14000,14000,Islamic Studies,High,Jordan,أخلاق تنظيم علاقة الإنسان مع الناس: قائمة على:,,حسن الخلق؛ كالرحمة والعدل والإحسان,حسن الصلة والبر بهم؛ بما يحفظ نفوسهم وأعراضهم وأموالهم، ويكفل عدم الاعتداء عليها,جميع ما ذكر,,,3,2,"اختر الإجابة الصحيحة من الخيارات التالية. أخرج رقمًا واحدًا فقط.

السؤال:
أخلاق تنظيم علاقة الإنسان مع الناس: قائمة على:

الخيارات:
1) حسن الخلق؛ كالرحمة والعدل والإحسان
2) حسن الصلة والبر بهم؛ بما يحفظ نفوسهم وأعراضهم وأموالهم، ويكفل عدم الاعتداء عليها
3) جميع ما ذكر",1,True,2,1.0,1.0,-0.0,False,134,4737.525,0.0,1.0,0.0,0.0,0.0,1,True,2,1.0,1.0,-0.0,False,134,2943.011,0.0,1.0,0.0,0.0,0.0,False,False,False,False,False
ammlu_1931,1931,Natural Science,Primary,Jordan,تنمو الأشجار الطويلة جدا والكبيرة في إحدى البيئات الآتية:,,الغابة,الصحراء,المناطق العشبية,المناطق القطبية,,4,0,"اختر الإجابة الصحيحة من الخيارات التالية. أخرج رقمًا واحدًا فقط.

السؤال:
تنمو الأشجار الطويلة جدا والكبيرة في إحدى البيئات الآتية:

الخيارات:
1) الغابة
2) الصحراء
3) المناطق العشبية
4) المناطق القطبية",0,True,1,1.0,1.0,-0.0,False,109,4844.43,1.0,0.0,0.0,0.0,0.0,2,True,3,1.0,1.0,-0.0,False,109,3013.884,0.0,0.0,1.0,0.0,0.0,True,False,True,False,True
ammlu_9434,9434,Math,Primary,Palestine,الساعة التالية للساعة الخامسة,,السادسة ,الرابعة,الثانية,,,3,0,"اختر الإجابة الصحيحة من الخيارات التالية. أخرج رقمًا واحدًا فقط.

السؤال:
الساعة التالية للساعة الخامسة

الخيارات:
1) السادسة
2) الرابعة
3) الثانية",2,True,3,1.0,1.0,-0.0,False,87,4690.513,0.0,0.0,1.0,0.0,0.0,2,True,3,1.0,1.0,-0.0,False,87,2904.094,0.0,0.0,1.0,0.0,0.0,False,False,False,False,False
ammlu_4672,4672,Law,Prof,Morocco,يمثل النيابة العامة أمام محكمة الاستئناف:,,رئيس محكمة الاستئناف شخصيا أو بواسطة نوابه,وكيل الملك شخصيا أو بواسطة نوابه,الوكيل العام للملك أو بواسطة نوابه,جميع الأجوبة صحيحة,,4,2,"اختر الإجابة الصحيحة من الخيارات التالية. أخرج رقمًا واحدًا فقط.

السؤال:
يمثل النيابة العامة أمام محكمة الاستئناف:

الخيارات:
1) رئيس محكمة الاستئناف شخصيا أو بواسطة نوابه
2) وكيل الملك شخصيا أو بواسطة نوابه
3) الوكيل العام للملك أو بواسطة نوابه
4) جميع الأجوبة صحيحة",2,True,3,1.0,1.0,-0.0,False,131,4848.539,0.0,0.0,1.0,0.0,0.0,2,True,3,1.0,1.0,-0.0,False,131,3017.573,0.0,0.0,1.0,0.0,0.0,True,True,False,False,False
ammlu_12832,12832,Islamic Studies,Primary,Jordan,أحافظ على الهدوء في بيتي ولا أزعج جيراني هذا التصرف من آداب,,البيت,الخروج من المنزل,الضيافة,المسجد,,4,0,"اختر الإجابة الصحيحة من الخيارات التالية. أخرج رقمًا واحدًا فقط.

السؤال:
أحافظ على الهدوء في بيتي ولا أزعج جيراني هذا التصرف من آداب

الخيارات:
1) البيت
2) الخروج من المنزل
3) الضيافة
4) المسجد",0,True,1,1.0,1.0,-0.0,False,109,4852.107,1.0,0.0,0.0,0.0,0.0,2,True,3,1.0,1.0,-0.0,False,109,3021.188,0.0,0.0,1.0,0.0,0.0,True,False,True,False,True
ammlu_11857,11857,Arabic Language (General),Unknown,Unknown,"اقرأ النص الشعري التالي ثم اختر البديل المناسب لـ [فراغ] الذي يكمل الجملة بشكل صحيح
 الفكرة الرئيسة للبيت الأول [فراغ] .",تَواضَعْ تَكُن كالنَّجْمِ لاحَ لِناظِرٍ ـــــــــــــــــــــــــــ على صفحات الماء وهو رفيع ولا تَكُ كالدُّخان يَعلو بِنَفْسِهِ ـــــــــــــــــــــــــــــــــ إلى طبقات الجَوِّ وَهُوَ وضِيع,فضل التواضع,فضل النجوم,ارتفاع الشأن,فضل الماء,,4,0,"اختر الإجابة الصحيحة من الخيارات التالية. أخرج رقمًا واحدًا فقط.

السؤال:
تَواضَعْ تَكُن كالنَّجْمِ لاحَ لِناظِرٍ ـــــــــــــــــــــــــــ على صفحات الماء وهو رفيع ولا تَكُ كالدُّخان يَعلو بِنَفْسِهِ ـــــــــــــــــــــــــــــــــ إلى طبقات الجَوِّ وَهُوَ وضِيع

اقرأ النص الشعري التالي ثم اختر البديل المناسب لـ [فراغ] الذي يكمل الجملة بشكل صحيح
 الفكرة الرئيسة للبيت الأول [فراغ] .

الخيارات:
1) فضل التواضع
2) فضل النجوم
3) ارتفاع الشأن
4) فضل الماء",2,True,3,1.0,1.0,-0.0,False,240,6671.914,0.0,0.0,1.0,0.0,0.0,2,True,3,1.0,1.0,-0.0,False,240,4131.395,0.0,0.0,1.0,0.0,0.0,False,False,False,False,False
ammlu_14046,14046,Islamic Studies,High,Jordan,يؤدي المعاني الكثيرة بألفاظ قليلة لا تخل بواحدة منها، وهو من أرفع أساليب البالغة، مما يسهل فهمه وحفظه والاعتبار به. تعريف لـ:,,دقة التصوير,الصورة الحركية,الإيجاز,,,3,2,"اختر الإجابة الصحيحة من الخيارات التالية. أخرج رقمًا واحدًا فقط.

السؤال:
يؤدي المعاني الكثيرة بألفاظ قليلة لا تخل بواحدة منها، وهو من أرفع أساليب البالغة، مما يسهل فهمه وحفظه والاعتبار به. تعريف لـ:

الخيارات:
1) دقة التصوير
2) الصورة الحركية
3) الإيجاز",2,True,3,1.0,1.0,-0.0,False,138,4695.784,0.0,0.0,1.0,0.0,0.0,2,True,3,1.0,1.0,-0.0,False,138,2909.355,0.0,0.0,1.0,0.0,0.0,True,True,False,False,False
ammlu_8298,8298,Geography,High,Jordan,الجهاز المستخدم لقياس اتجاه الرياح يسمى :,,الأنيموميتر,البارومتير,دوارة الرياح,الثيرمومتير,,4,2,"اختر الإجابة الصحيحة من الخيارات التالية. أخرج رقمًا واحدًا فقط.

السؤال:
الجهاز المستخدم لقياس اتجاه الرياح يسمى :

الخيارات:
1) الأنيموميتر
2) البارومتير
3) دوارة الرياح
4) الثيرمومتير",2,True,3,1.0,1.0,-0.0,False,115,6676.741,0.0,0.0,1.0,0.0,0.0,2,True,3,1.0,1.0,-0.0,False,115,4136.783,0.0,0.0,1.0,0.0,0.0,True,True,False,False,False
ammlu_4953,4953,Physics,High,Unknown,ما هو سبب ارتفاع كثافة المادة الصلبة مقارنة بكثافة المادة السائلة أو الغاز ةٌ ؟,,لأن المسافات ب نٌ الجز ئٌات متوسطة,لأن سرعة حركة الجز ئٌات عال ةٌ,لأن الجز ئٌات متباعدة بشدة,لأن الجز ئٌات متقاربة بشدة,,4,3,"اختر الإجابة الصحيحة من الخيارات التالية. أخرج رقمًا واحدًا فقط.

السؤال:
ما هو سبب ارتفاع كثافة المادة الصلبة مقارنة بكثافة المادة السائلة أو الغاز ةٌ ؟

الخيارات:
1) لأن المسافات ب نٌ الجز ئٌات متوسطة
2) لأن سرعة حركة الجز ئٌات عال ةٌ
3) لأن الجز ئٌات متباعدة بشدة
4) لأن الجز ئٌات متقاربة بشدة",2,True,3,1.0,1.0,-0.0,False,169,6680.305,0.0,0.0,1.0,0.0,0.0,2,True,3,1.0,1.0,-0.0,False,169,4140.813,0.0,0.0,1.0,0.0,0.0,False,False,False,False,False
ammlu_515,515,Islamic Studies,Unknown,Unknown,بماذا لقب اسماعيل عليه السلام؟,,الذبيح,اسرائيل,خليفة الله,الصديق,,4,0,"اختر الإجابة الصحيحة من الخيارات التالية. أخرج رقمًا واحدًا فقط.

السؤال:
بماذا لقب اسماعيل عليه السلام؟

الخيارات:
1) الذبيح
2) اسرائيل
3) خليفة الله
4) الصديق",2,True,3,1.0,1.0,-0.0,False,97,6684.596,0.0,0.0,1.0,0.0,0.0,2,True,3,1.0,1.0,-0.0,False,97,4144.373,0.0,0.0,1.0,0.0,0.0,False,False,False,False,False
ammlu_8120,8120,Geography,Middle,Palestine,ترتفع درجات الحرارة صيفاً في أمريكا الشمالية كلما اتجهنا جهة,,الشمال ,الغرب ,الجنوب,,,3,2,"اختر الإجابة الصحيحة من الخيارات التالية. أخرج رقمًا واحدًا فقط.

السؤال:
ترتفع درجات الحرارة صيفاً في أمريكا الشمالية كلما اتجهنا جهة

الخيارات:
1) الشمال
2) الغرب
3) الجنوب",0,True,1,1.0,1.0,-0.0,False,100,4699.934,1.0,0.0,0.0,0.0,0.0,0,True,1,1.0,1.0,-0.0,False,100,2913.277,1.0,0.0,0.0,0.0,0.0,False,False,False,False,False
ammlu_9619,9619,Biology,High,Unknown,اي من الهرمونات التالية تفرز من تحت المهاد ؟,,hCG,FSH,TSH,TRH,,4,0,"اختر الإجابة الصحيحة من الخيارات التالية. أخرج رقمًا واحدًا فقط.

السؤال:
اي من الهرمونات التالية تفرز من تحت المهاد ؟

الخيارات:
1) hCG
2) FSH
3) TSH
4) TRH",1,True,2,1.0,1.0,-0.0,False,100,5875.97,0.0,1.0,0.0,0.0,0.0,1,True,2,1.0,1.0,-0.0,False,100,3637.689,0.0,1.0,0.0,0.0,0.0,False,False,False,False,False
ammlu_10214,10214,Biology,High,Egypt,"يتصل النتوءان المفصليان الأماميان للفقرة 22  ب
",,النتواءان المفصليان الأماميان للفقرة 21,النتواءان المفصليان الخلفيان للفقرة 21,النتواءان المفصليان الأماميان للفقرة 23,النتواءان المفصليان الخلفيان للفقرة 23,,4,1,"اختر الإجابة الصحيحة من الخيارات التالية. أخرج رقمًا واحدًا فقط.

السؤال:
يتصل النتوءان المفصليان الأماميان للفقرة 22  ب

الخيارات:
1) النتواءان المفصليان الأماميان للفقرة 21
2) النتواءان المفصليان الخلفيان للفقرة 21
3) النتواءان المفصليان الأماميان للفقرة 23
4) النتواءان المفصليان الخلفيان للفقرة 23",2,True,3,1.0,1.0,-0.0,False,169,5881.245,0.0,0.0,1.0,0.0,0.0,2,True,3,1.0,1.0,-0.0,False,169,3642.933,0.0,0.0,1.0,0.0,0.0,False,False,False,False,False
ammlu_14108,14108,Islamic Studies,High,Jordan,ما موقف الإسلام في تغيير نظرة الناس إلى ذوي الإعاقة؟,,حفظ لهم كرامتهم وإنسانيتهم,شرع لهم حقوقا خاصة,جميع ما ذكر,,,3,2,"اختر الإجابة الصحيحة من الخيارات التالية. أخرج رقمًا واحدًا فقط.

السؤال:
ما موقف الإسلام في تغيير نظرة الناس إلى ذوي الإعاقة؟

الخيارات:
1) حفظ لهم كرامتهم وإنسانيتهم
2) شرع لهم حقوقا خاصة
3) جميع ما ذكر",0,True,1,1.0,1.0,-0.0,False,111,4704.15,1.0,0.0,0.0,0.0,0.0,0,True,1,1.0,1.0,-0.0,False,111,2917.491,1.0,0.0,0.0,0.0,0.0,False,False,False,False,False
ammlu_331,331,Islamic Studies,Unknown,Unknown,من هو الصحابي الذي لقب بأمين هذه الأمة؟,,أبو عبيدة الجراح,عمر بن الخطاب,أبو ذر الغفاري,ابن عباس,,4,0,"اختر الإجابة الصحيحة من الخيارات التالية. أخرج رقمًا واحدًا فقط.

السؤال:
من هو الصحابي الذي لقب بأمين هذه الأمة؟

الخيارات:
1) أبو عبيدة الجراح
2) عمر بن الخطاب
3) أبو ذر الغفاري
4) ابن عباس",1,True,2,1.0,1.0,-0.0,False,108,5885.005,0.0,1.0,0.0,0.0,0.0,1,True,2,1.0,1.0,-0.0,False,108,3646.705,0.0,1.0,0.0,0.0,0.0,False,False,False,False,False
ammlu_9161,9161,Geography,High,Jordan,"يسهم ارتفاع درجة حرارة الأرض في زيادة المتوسط السنوي لتساقط الأمطار في العروض الوسطى، مما يؤدي
إلى زيادة تدفق المياه في الأودية واألنهار وحدوث الفيضانات في مناطق عديدة، خاصة في:",,جنوب شرق آسيا,جنوب شرق استراليا,جنوب شرق أوروبا,جنوب شرق أفريقيا,,4,0,"اختر الإجابة الصحيحة من الخيارات التالية. أخرج رقمًا واحدًا فقط.

السؤال:
يسهم ارتفاع درجة حرارة الأرض في زيادة المتوسط السنوي لتساقط الأمطار في العروض الوسطى، مما يؤدي
إلى زيادة تدفق المياه في الأودية واألنهار وحدوث الفيضانات في مناطق عديدة، خاصة في:

الخيارات:
1) جنوب شرق آسيا
2) جنوب شرق استراليا
3) جنوب شرق أوروبا
4) جنوب شرق أفريقيا",2,True,3,1.0,1.0,-0.0,False,170,5889.242,0.0,0.0,1.0,0.0,0.0,2,True,3,1.0,1.0,-0.0,False,170,3650.248,0.0,0.0,1.0,0.0,0.0,False,False,False,False,False
ammlu_2538,2538,History,Middle,Jordan,عرفت الكتابة المصرية القديمة باسم: ,,المسمارية ,الأوغاريتية ,المسند,الهيروغليفية ,,4,3,"اختر الإجابة الصحيحة من الخيارات التالية. أخرج رقمًا واحدًا فقط.

السؤال:
عرفت الكتابة المصرية القديمة باسم:

الخيارات:
1) المسمارية
2) الأوغاريتية
3) المسند
4) الهيروغليفية",1,True,2,1.0,1.0,-0.0,False,100,13550.226,0.0,1.0,0.0,0.0,0.0,1,True,2,1.0,1.0,-0.0,False,100,8486.553,0.0,1.0,0.0,0.0,0.0,False,False,False,False,False
ammlu_11953,11953,Arabic Language (General),Unknown,Unknown,"اقرأ النص القصير التالي ثم اختر البديل المناسب لـ [فراغ] الذي يكمل الجملة بشكل صحيح
 في قوله (زوجتي لا تستمع إلي) أسلوب [فراغ].",مُشْكِلَاتُ الْحَيَاةِ الزَّوْجِيَّةِ فِي الْحَيَاةِ الزَّوْجِيَّةِ خَيْرٌ كَثِيرٌ لِلزَّوْجِ، وَللزَّوْجَةِ، وَلِلْأًوْلَادِ وَمَعَ ذَلِكَ تَظْهَرُ أَحْيَانًا بَعْضُ الْمُشْكِلاتِ فِي حَيَاةِ الزَّوْجَيْنِ عَلَيْنَا أَنْ نَعْرِفَ هَذِهِ الْحَقِيقَةَ قَبْلَ الزَّوَاجِ نَعَمْ قَدْ تَحْدُثُ خِلَافَاتٌ بَيْنَ الزَّوْجَيْنِ، وَلَيْسَتْ هَذِهِ هِيَ الْمُشْكِلَةُ، وَإِنَّمَا الْمُشْكِلَةُ أَنْ نَعْجَزَ عَنْ حَلِّ تِلْكَ الْمُشْكِلاتِ. يَعْتَقِدُ كَثِيرٌ مِنَ الشَّبَابِ أَنَّ الْحَيَاةَ الزَّوْجِيَّةَ بِلَا مُشْكِلاتٍ، فَإذا قَابَلُوا مُشْكِلَةً ثَارُوا، وَفَكَّرُوا فِي الطَّلاقِ، عَلَى الشَّبَابِ أَنْ يَعْرِفُوا أَنَّ الحَياةَ الزَّوْجِيَّةَ رِحْلَةٌ طَوِيلَةٌ، وَأَنَّ السَّبِيلَ إِلَى النَّجَاحِ فِي الْحَيَاةِ الزَّوْجِيَّةِ، هُوَ الْحِوَارُ. لِمَاذَا تَحْدُثُ مُشْكِلَاتٌ بَيْنَ الزَّوْجَيْنِ مِنْ وَقْتٍ لَآخَر؟ يَعُودُ السَّبَبُ إِلَى وُجُودِ اِخْتِلافَاتٍ كَثِيرَةٍ بَيْنَ شَخْصِيَّةِ الرَّجُلِ وَشَخْصِيَّةِ الْمَرْأَةِ وَتَظْهَرُ هَذِهِ الاخْتِلافَاتُ بَعْدَ مَرْحَلَةِ الطُّفُولَةِ، وَتَزِيدُ فِي مَرْحَلَةِ الشَّبَابِ فَالرَّجُلُ يُحِبُّ أَشْيَاءَ لاتُحِبُّهَا الْمَرْأَةُ، وَالْمَرْأَةُ تُحِبُّ أَشْيَاءَ لا يُحِبُّهَا الرَّجُلُ. وَعِنْدَمَا تَظْهَرُ المُشْكِلاتُ فِي الْحَيَاةِ الزَّوْجِيَّةِ يَأْخُذُ الزَّوْجَانِ فِي الشَّكْوَى يَشْكُو الزَّوْجُ فَيَقُولُ: زَوْجَتِي لَا تَسْتَمِعُ إِلَيّ، وَتَتَكَلَّمُ مَعَ صَدِيقَاتِهَا فِي الهَاتِفِ كَثِيرًا، وَتَذْهَبُ إِلَى السُّوقِ كَثِيرًا وَتَشْتَرِي أَشْياءَ لا نَحْتَاجُ إِلَيْهَا، وَتَشْكُو الزَّوْجَةُ فَتَقُولُ: زَوْجِي يَتَكَلَّمُ طُولَ الوَقْتِ فِي السِّيَاسَةِ وَالرِّيَاضَةِ، وَيَقْضِي وَقْتًا طَوِيلا خَارِجَ البَيْتِ، وَعِنْدَمَا يَكُونُ فِي الْبَيْتِ يَقْضِي الوَقْتَ فِي قِرَاءَةِ الصُّحِفِ وَالمَجَلَّاتِ أَوْ مَعَ الحَاسُوبِ.,نفي,استفهام,نهي,أمر,,4,0,"اختر الإجابة الصحيحة من الخيارات التالية. أخرج رقمًا واحدًا فقط.

السؤال:
مُشْكِلَاتُ الْحَيَاةِ الزَّوْجِيَّةِ فِي الْحَيَاةِ الزَّوْجِيَّةِ خَيْرٌ كَثِيرٌ لِلزَّوْجِ، وَللزَّوْجَةِ، وَلِلْأًوْلَادِ وَمَعَ ذَلِكَ تَظْهَرُ أَحْيَانًا بَعْضُ الْمُشْكِلاتِ فِي حَيَاةِ الزَّوْجَيْنِ عَلَيْنَا أَنْ نَعْرِفَ هَذِهِ الْحَقِيقَةَ قَبْلَ الزَّوَاجِ نَعَمْ قَدْ تَحْدُثُ خِلَافَاتٌ بَيْنَ الزَّوْجَيْنِ، وَلَيْسَتْ هَذِهِ هِيَ الْمُشْكِلَةُ، وَإِنَّمَا الْمُشْكِلَةُ أَنْ نَعْجَزَ عَنْ حَلِّ تِلْكَ الْمُشْكِلاتِ. يَعْتَقِدُ كَثِيرٌ مِنَ الشَّبَابِ أَنَّ الْحَيَاةَ الزَّوْجِيَّةَ بِلَا مُشْكِلاتٍ، فَإذا قَابَلُوا مُشْكِلَةً ثَارُوا، وَفَكَّرُوا فِي الطَّلاقِ، عَلَى الشَّبَابِ أَنْ يَعْرِفُوا أَنَّ الحَياةَ الزَّوْجِيَّةَ رِحْلَةٌ طَوِيلَةٌ، وَأَنَّ السَّبِيلَ إِلَى النَّجَاحِ فِي الْحَيَاةِ الزَّوْجِيَّةِ، هُوَ الْحِوَارُ. لِمَاذَا تَحْدُثُ مُشْكِلَاتٌ بَيْنَ الزَّوْجَيْنِ مِنْ وَقْتٍ لَآخَر؟ يَعُودُ السَّبَبُ إِلَى وُجُودِ اِخْتِلافَاتٍ كَثِيرَةٍ بَيْنَ شَخْصِيَّةِ الرَّجُلِ وَشَخْصِيَّةِ الْمَرْأَةِ وَتَظْهَرُ هَذِهِ الاخْتِلافَاتُ بَعْدَ مَرْحَلَةِ الطُّفُولَةِ، وَتَزِيدُ فِي مَرْحَلَةِ الش

اقرأ النص القصير التالي ثم اختر البديل المناسب لـ [فراغ] الذي يكمل الجملة بشكل صحيح
 في قوله (زوجتي لا تستمع إلي) أسلوب [فراغ].

الخيارات:
1) نفي
2) استفهام
3) نهي
4) أمر",2,True,3,1.0,1.0,-0.0,False,950,13555.705,0.0,0.0,1.0,0.0,0.0,2,True,3,1.0,1.0,-0.0,False,950,8492.045,0.0,0.0,1.0,0.0,0.0,False,False,False,False,False
ammlu_1995,1995,Natural Science,Primary,Jordan,الأرنب يحصل على الطاقة من تغذيته على:,,.الأعشاب,أشعة الشمس,القطة,البيض,,4,0,"اختر الإجابة الصحيحة من الخيارات التالية. أخرج رقمًا واحدًا فقط.

السؤال:
الأرنب يحصل على الطاقة من تغذيته على:

الخيارات:
1) .الأعشاب
2) أشعة الشمس
3) القطة
4) البيض",1,True,2,1.0,1.0,-0.0,False,99,13559.585,0.0,1.0,0.0,0.0,0.0,1,True,2,1.0,1.0,-0.0,False,99,8495.955,0.0,1.0,0.0,0.0,0.0,False,False,False,False,False
ammlu_12699,12699,Islamic Studies,Middle,Unknown,حكم صوم رمضان:,,سنه,واجب,مستحب,جائز,,4,2,"اختر الإجابة الصحيحة من الخيارات التالية. أخرج رقمًا واحدًا فقط.

السؤال:
حكم صوم رمضان:

الخيارات:
1) سنه
2) واجب
3) مستحب
4) جائز",2,True,3,1.0,1.0,-0.0,False,88,13563.233,0.0,0.0,1.0,0.0,0.0,2,True,3,1.0,1.0,-0.0,False,88,8499.496,0.0,0.0,1.0,0.0,0.0,True,True,False,False,False
ammlu_677,677,Driving Test,Unknown,UAE,يجب إستخدام الأضواء الأمامية العالية في حالات...؟,,في جميع الأوقات,في المناطق العامرة,عند السير بسرعات عالية,في المناطق الغير مضاءة,,4,3,"اختر الإجابة الصحيحة من الخيارات التالية. أخرج رقمًا واحدًا فقط.

السؤال:
يجب إستخدام الأضواء الأمامية العالية في حالات...؟

الخيارات:
1) في جميع الأوقات
2) في المناطق العامرة
3) عند السير بسرعات عالية
4) في المناطق الغير مضاءة",2,True,3,1.0,1.0,-0.0,False,115,5585.209,0.0,0.0,1.0,0.0,0.0,2,True,3,1.0,1.0,-0.0,False,115,3490.282,0.0,0.0,1.0,0.0,0.0,False,False,False,False,False
ammlu_7632,7632,Computer Science,High,Jordan,عند عدم وجود رقم صغير في آخر العدد الذي يدل على أساس النظام، فهذا يعني أن العدد ممثل ب:,,النظام الثنائي,النظام العشري,النظام الثماني,النظام السادس عشر,,4,1,"اختر الإجابة الصحيحة من الخيارات التالية. أخرج رقمًا واحدًا فقط.

السؤال:
عند عدم وجود رقم صغير في آخر العدد الذي يدل على أساس النظام، فهذا يعني أن العدد ممثل ب:

الخيارات:
1) النظام الثنائي
2) النظام العشري
3) النظام الثماني
4) النظام السادس عشر",0,True,1,1.0,1.0,-0.0,False,117,5590.474,1.0,0.0,0.0,0.0,0.0,0,True,1,1.0,1.0,-0.0,False,117,3495.749,1.0,0.0,0.0,0.0,0.0,False,False,False,False,False
ammlu_1245,1245,Driving Test,Unknown,Jordan,الحد الاقصى لسرعة سیارات الركوب المتوسطة على الطرق الفرعیة والتي یقع علیھا مدارس ھو :,,30 كم/ساعة.,40 كم/ساعة.,50 كم/ساعة.,60 كم/ساعة.,,4,1,"اختر الإجابة الصحيحة من الخيارات التالية. أخرج رقمًا واحدًا فقط.

السؤال:
الحد الاقصى لسرعة سیارات الركوب المتوسطة على الطرق الفرعیة والتي یقع علیھا مدارس ھو :

الخيارات:
1) 30 كم/ساعة.
2) 40 كم/ساعة.
3) 50 كم/ساعة.
4) 60 كم/ساعة.",2,True,3,1.0,1.0,-0.0,False,146,5594.225,0.0,0.0,1.0,0.0,0.0,2,True,3,1.0,1.0,-0.0,False,146,3499.536,0.0,0.0,1.0,0.0,0.0,False,False,False,False,False
ammlu_1284,1284,Driving Test,Unknown,Jordan,عند وصول السائق الى تقاطع طرق علیه ان:,,یتوخي الحیطة والحذر التامین,التحدید المسبق للمسرب الذي سیسلكه والالتزام به,تحدید الاتجاه الذي سیسلكه في التقاطع,جمیع ما ذكر.,,4,3,"اختر الإجابة الصحيحة من الخيارات التالية. أخرج رقمًا واحدًا فقط.

السؤال:
عند وصول السائق الى تقاطع طرق علیه ان:

الخيارات:
1) یتوخي الحیطة والحذر التامین
2) التحدید المسبق للمسرب الذي سیسلكه والالتزام به
3) تحدید الاتجاه الذي سیسلكه في التقاطع
4) جمیع ما ذكر.",2,True,3,1.0,1.0,-0.0,False,144,5597.764,0.0,0.0,1.0,0.0,0.0,2,True,3,1.0,1.0,-0.0,False,144,3503.21,0.0,0.0,1.0,0.0,0.0,False,False,False,False,False
ammlu_2336,2336,Natural Science,Primary,Jordan,	من أنواع الطاقة :الطاقة الحركية والطاقة الكامنة ,,غير صحيح ,صحيح ,,,,2,1,"اختر الإجابة الصحيحة من الخيارات التالية. أخرج رقمًا واحدًا فقط.

السؤال:
من أنواع الطاقة :الطاقة الحركية والطاقة الكامنة

الخيارات:
1) غير صحيح
2) صحيح",1,True,2,1.0,1.0,-0.0,False,91,4422.715,0.0,1.0,0.0,0.0,0.0,1,True,2,1.0,1.0,-0.0,False,91,2722.286,0.0,1.0,0.0,0.0,0.0,True,True,False,False,False
ammlu_4282,4282,General Knowledge,Primary,Jordan,من الأغذية التي يتناولها الانسان في وجبة الفطور: ,,البيض,الأرز,الكنافة,الشاي,,4,0,"اختر الإجابة الصحيحة من الخيارات التالية. أخرج رقمًا واحدًا فقط.

السؤال:
من الأغذية التي يتناولها الانسان في وجبة الفطور:

الخيارات:
1) البيض
2) الأرز
3) الكنافة
4) الشاي",2,True,3,1.0,1.0,-0.0,False,100,5874.033,0.0,0.0,1.0,0.0,0.0,2,True,3,1.0,1.0,-0.0,False,100,3634.888,0.0,0.0,1.0,0.0,0.0,False,False,False,False,False
ammlu_11034,11034,Biology,High,Egypt,ما النتيجة المترتبة على إستخدام الإنسان لمواد مشعة أو مركبات كيميائية فى معالجة خلايا النباتات والفطريات لإنتاج كميات أكبر من البروتين ؟,,تكرار الجين الواحد عدة مرات على نفس الكرموسوم,تكرار الجينات بسبب زيادة عدد الكرموسومات,تكرار القواعد النيتروجينية فى نفس الجين,تغيير نوع البروتين الناتج عن الترجمة,,4,1,"اختر الإجابة الصحيحة من الخيارات التالية. أخرج رقمًا واحدًا فقط.

السؤال:
ما النتيجة المترتبة على إستخدام الإنسان لمواد مشعة أو مركبات كيميائية فى معالجة خلايا النباتات والفطريات لإنتاج كميات أكبر من البروتين ؟

الخيارات:
1) تكرار الجين الواحد عدة مرات على نفس الكرموسوم
2) تكرار الجينات بسبب زيادة عدد الكرموسومات
3) تكرار القواعد النيتروجينية فى نفس الجين
4) تغيير نوع البروتين الناتج عن الترجمة",2,True,3,1.0,1.0,-0.0,False,181,5879.455,0.0,0.0,1.0,0.0,0.0,2,True,3,1.0,1.0,-0.0,False,181,3640.214,0.0,0.0,1.0,0.0,0.0,False,False,False,False,False
ammlu_7797,7797,Computer Science,High,Jordan,نستطيع تصميم دارة كهربائية تمثل البوابة AND بمفتاحي توصيل في وضعية التوالي بحيث يضيء المصباح عندما :,,يكون المفتاحين في حالة اغلاق فقط,يكون اي من المفتاحين في حالة اغلاق,يكون اي من المفتاحين في حالة فتح,يكون اي من المفتاحين أو كلاهما في حالة اغلاق,,4,0,"اختر الإجابة الصحيحة من الخيارات التالية. أخرج رقمًا واحدًا فقط.

السؤال:
نستطيع تصميم دارة كهربائية تمثل البوابة AND بمفتاحي توصيل في وضعية التوالي بحيث يضيء المصباح عندما :

الخيارات:
1) يكون المفتاحين في حالة اغلاق فقط
2) يكون اي من المفتاحين في حالة اغلاق
3) يكون اي من المفتاحين في حالة فتح
4) يكون اي من المفتاحين أو كلاهما في حالة اغلاق",2,True,3,1.0,1.0,-0.0,False,161,5883.624,0.0,0.0,1.0,0.0,0.0,2,True,3,1.0,1.0,-0.0,False,161,3644.368,0.0,0.0,1.0,0.0,0.0,False,False,False,False,False
ammlu_3942,3942,General Knowledge,Unknown,Unknown,وقود المحركات النفاثة للطائرات هو…؟,,الجازولين,البوتجاز,الكيروسين,المازوت,,4,2,"اختر الإجابة الصحيحة من الخيارات التالية. أخرج رقمًا واحدًا فقط.

السؤال:
وقود المحركات النفاثة للطائرات هو…؟

الخيارات:
1) الجازولين
2) البوتجاز
3) الكيروسين
4) المازوت",3,True,4,1.0,1.0,-0.0,False,104,5887.315,0.0,0.0,0.0,1.0,0.0,2,True,3,1.0,1.0,-0.0,False,104,3648.667,0.0,0.0,1.0,0.0,0.0,False,True,False,True,True
ammlu_4242,4242,General Knowledge,Primary,Jordan,الغذاء الرئيسي الذي يمد بالطاقة.  ,,الحليب,اللحم,الزيت,الفواكه,,4,2,"اختر الإجابة الصحيحة من الخيارات التالية. أخرج رقمًا واحدًا فقط.

السؤال:
الغذاء الرئيسي الذي يمد بالطاقة.

الخيارات:
1) الحليب
2) اللحم
3) الزيت
4) الفواكه",0,True,1,1.0,1.0,-0.0,False,99,5343.482,1.0,0.0,0.0,0.0,0.0,2,True,3,1.0,1.0,-0.0,False,99,3300.369,0.0,0.0,1.0,0.0,0.0,False,True,False,True,True
ammlu_14117,14117,Islamic Studies,High,Jordan,الحكمة الإلهية بالتميز بين الناس في القدرات والطاقات:,,ليتعاون الناس كلهم في إعمار الأرض,ليمارس كل واجبه في الحياة,أ+ب,,,3,2,"اختر الإجابة الصحيحة من الخيارات التالية. أخرج رقمًا واحدًا فقط.

السؤال:
الحكمة الإلهية بالتميز بين الناس في القدرات والطاقات:

الخيارات:
1) ليتعاون الناس كلهم في إعمار الأرض
2) ليمارس كل واجبه في الحياة
3) أ+ب",1,True,2,1.0,1.0,-0.0,False,112,4391.898,0.0,1.0,0.0,0.0,0.0,1,True,2,1.0,1.0,-0.0,False,112,2709.779,0.0,1.0,0.0,0.0,0.0,False,False,False,False,False
ammlu_14028,14028,Islamic Studies,High,Jordan,حكم تارك الصالة تكاسلاً غير مسلم، هذا رأس:,,الإمام أحمد بن حنبل,الإمام الشافعي,الإمام أبو حنيفة,الإمام مالك,,4,0,"اختر الإجابة الصحيحة من الخيارات التالية. أخرج رقمًا واحدًا فقط.

السؤال:
حكم تارك الصالة تكاسلاً غير مسلم، هذا رأس:

الخيارات:
1) الإمام أحمد بن حنبل
2) الإمام الشافعي
3) الإمام أبو حنيفة
4) الإمام مالك",2,True,3,1.0,1.0,-0.0,False,112,5348.798,0.0,0.0,1.0,0.0,0.0,2,True,3,1.0,1.0,-0.0,False,112,3305.827,0.0,0.0,1.0,0.0,0.0,False,False,False,False,False
ammlu_2657,2657,History,Middle,Palestine,وحدة عملة الدينار هي,,فارسية ,بيزنطية ,رومانية ,,,3,1,"اختر الإجابة الصحيحة من الخيارات التالية. أخرج رقمًا واحدًا فقط.

السؤال:
وحدة عملة الدينار هي

الخيارات:
1) فارسية
2) بيزنطية
3) رومانية",2,True,3,1.0,1.0,-0.0,False,90,4397.219,0.0,0.0,1.0,0.0,0.0,2,True,3,1.0,1.0,-0.0,False,90,2715.172,0.0,0.0,1.0,0.0,0.0,False,False,False,False,False
ammlu_1814,1814,Driving Test,Unknown,Jordan,"على السائق الذي يقود مركبته في الاتجاه المنحدر من الطريق الالتزام باقصى يمينه او ايقاف مركبته تماما وذلك لتمكين المركبة الصاعدة من المرور اذا كان عرض الطريق لا يسمح بمرور المركبتين معا.
",,نعم,لا,,,,2,0,"اختر الإجابة الصحيحة من الخيارات التالية. أخرج رقمًا واحدًا فقط.

السؤال:
على السائق الذي يقود مركبته في الاتجاه المنحدر من الطريق الالتزام باقصى يمينه او ايقاف مركبته تماما وذلك لتمكين المركبة الصاعدة من المرور اذا كان عرض الطريق لا يسمح بمرور المركبتين معا.

الخيارات:
1) نعم
2) لا",0,True,1,1.0,1.0,-0.0,False,140,4429.809,1.0,0.0,0.0,0.0,0.0,0,True,1,1.0,1.0,-0.0,False,140,2727.677,1.0,0.0,0.0,0.0,0.0,True,True,False,False,False
ammlu_5497,5497,Social Science,Primary,Jordan,	الحرص على تلقي العلم والمعرفة يعد سلوك ايجابي يجعل من الفرد: ,,مواطن صالح في المنزل.,مواطن صالح في المجتمع .,مواطن غير صالح في المدرسة.,مواطن صالح في المدرسة .,,4,3,"اختر الإجابة الصحيحة من الخيارات التالية. أخرج رقمًا واحدًا فقط.

السؤال:
الحرص على تلقي العلم والمعرفة يعد سلوك ايجابي يجعل من الفرد:

الخيارات:
1) مواطن صالح في المنزل.
2) مواطن صالح في المجتمع .
3) مواطن غير صالح في المدرسة.
4) مواطن صالح في المدرسة .",1,True,2,1.0,1.0,-0.0,False,123,5352.999,0.0,1.0,0.0,0.0,0.0,1,True,2,1.0,1.0,-0.0,False,123,3309.942,0.0,1.0,0.0,0.0,0.0,False,False,False,False,False
ammlu_6721,6721,Arabic Language,High,Egypt,"
«كن مُعطِيَ الحقوق أصحابَها»، «كونوا مُعطِي الحقوقِ أصحابَها».

ـ وقع اسم الفاعل في الجملتين خبر «كان» منصوبًا وعلامة نصبه .....",,الفتحة المقدرة، الياء.,الفتحة الظاهرة، الفتحة الظاهرة.,الياء ، الياء.,الفتحة الظاهرة، الياء.,,4,3,"اختر الإجابة الصحيحة من الخيارات التالية. أخرج رقمًا واحدًا فقط.

السؤال:
«كن مُعطِيَ الحقوق أصحابَها»، «كونوا مُعطِي الحقوقِ أصحابَها».

ـ وقع اسم الفاعل في الجملتين خبر «كان» منصوبًا وعلامة نصبه .....

الخيارات:
1) الفتحة المقدرة، الياء.
2) الفتحة الظاهرة، الفتحة الظاهرة.
3) الياء ، الياء.
4) الفتحة الظاهرة، الياء.",2,True,3,1.0,1.0,-0.0,False,163,5356.603,0.0,0.0,1.0,0.0,0.0,2,True,3,1.0,1.0,-0.0,False,163,3313.613,0.0,0.0,1.0,0.0,0.0,False,False,False,False,False
ammlu_3198,3198,History,High,Egypt,نجحت مصر في مواجهة العدوان الثلاثي بفضل النواحي.............,,السياسية,الإجتماعية,الثقافية,الإقتصادية,,4,0,"اختر الإجابة الصحيحة من الخيارات التالية. أخرج رقمًا واحدًا فقط.

السؤال:
نجحت مصر في مواجهة العدوان الثلاثي بفضل النواحي.............

الخيارات:
1) السياسية
2) الإجتماعية
3) الثقافية
4) الإقتصادية",0,True,1,1.0,1.0,-0.0,False,102,5108.712,1.0,0.0,0.0,0.0,0.0,0,True,1,1.0,1.0,-0.0,False,102,3164.745,1.0,0.0,0.0,0.0,0.0,True,True,False,False,False
ammlu_3798,3798,General Knowledge,Unknown,Unknown,العلم الذي سماه العرب(علم الحجر) هو علم ….؟,,الكيمياء,الفيزياء,الصيدلة,الطب,,4,0,"اختر الإجابة الصحيحة من الخيارات التالية. أخرج رقمًا واحدًا فقط.

السؤال:
العلم الذي سماه العرب(علم الحجر) هو علم ….؟

الخيارات:
1) الكيمياء
2) الفيزياء
3) الصيدلة
4) الطب",3,True,4,1.0,1.0,-0.0,False,102,5118.137,0.0,0.0,0.0,1.0,0.0,2,True,3,1.0,1.0,-0.0,False,102,3174.287,0.0,0.0,1.0,0.0,0.0,False,False,False,False,True
ammlu_5039,5039,Physics,High,Palestine,"اقتربت كرة كتلتها 0.2 كغم من المضرب بسرعة 40 م/ث باالتجاه الأفقي وارتدت باالتجاه المعاكس بسرعة 50
 م/ث، فإن الدفع الذي أثر في الكرة أثناء فترة التالمس بوحدة نيوتن.ث هو ",,18,2,900,90,,4,0,"اختر الإجابة الصحيحة من الخيارات التالية. أخرج رقمًا واحدًا فقط.

السؤال:
اقتربت كرة كتلتها 0.2 كغم من المضرب بسرعة 40 م/ث باالتجاه الأفقي وارتدت باالتجاه المعاكس بسرعة 50
 م/ث، فإن الدفع الذي أثر في الكرة أثناء فترة التالمس بوحدة نيوتن.ث هو

الخيارات:
1) 18
2) 2
3) 900
4) 90",2,True,3,1.0,1.0,-0.0,False,162,5114.152,0.0,0.0,1.0,0.0,0.0,2,True,3,1.0,1.0,-0.0,False,162,3170.195,0.0,0.0,1.0,0.0,0.0,False,False,False,False,False
ammlu_999,999,Driving Test,Unknown,Lebanon,التواصل عن طريق التقاء النظر بين السائقين عند التقاطع:,,يساعد على حل الالتباس المروري بين السائقين,هو من انواع التنبه,هو امر محظر على السائقين,,,3,0,"اختر الإجابة الصحيحة من الخيارات التالية. أخرج رقمًا واحدًا فقط.

السؤال:
التواصل عن طريق التقاء النظر بين السائقين عند التقاطع:

الخيارات:
1) يساعد على حل الالتباس المروري بين السائقين
2) هو من انواع التنبه
3) هو امر محظر على السائقين",0,True,1,1.0,1.0,-0.0,False,118,4401.314,1.0,0.0,0.0,0.0,0.0,0,True,1,1.0,1.0,-0.0,False,118,2719.245,1.0,0.0,0.0,0.0,0.0,True,True,False,False,False
ammlu_4373,4373,General Knowledge,Primary,Jordan,وصلة تمتاز بإمكانية إخفاء البراغي والمسامير ……..,,وصلة مجرى ,وصلة الفرز,وصلة مجرى ولسان,وصلة لسان,,4,2,"اختر الإجابة الصحيحة من الخيارات التالية. أخرج رقمًا واحدًا فقط.

السؤال:
وصلة تمتاز بإمكانية إخفاء البراغي والمسامير ……..

الخيارات:
1) وصلة مجرى
2) وصلة الفرز
3) وصلة مجرى ولسان
4) وصلة لسان",2,True,3,1.0,1.0,-0.0,False,112,5122.404,0.0,0.0,1.0,0.0,0.0,2,True,3,1.0,1.0,-0.0,False,112,3178.604,0.0,0.0,1.0,0.0,0.0,True,True,False,False,False
ammlu_11782,11782,Arabic Language (General),Unknown,Unknown,"اقرأ الفقرة التالية ثم اختر البديل المناسب لـ [فراغ] الذي يكمل الجملة بشكل صحيح
 الضمير (ها) في كلمة (صاحبها) تعود على [فراغ] .",هو أبو الحسن محمد بن إدريس الحموي المعروف بالشريف الإدريسي وهو من أسرة الأدارسة المشهورة، وهو من كبار علماء الجغرافيا والرحالة العرب، وله مشاركة عظيمة وشهرة واسعة في علم الجغرافيا وعلم الفلك وعلم النبات والآداب. زار الإدريسي بلادًا كثيرة مثل: الأندلس والمغرب والبرتغال ومصر وفرنسا والقسطنطينية وسواحل آسيا الصغرى وانتهى إلى صقلية، واستقر في بلاط صاحبها النورماندي روجه الثاني، المعروف عند العرب باسم روجر. بدأ ابن بطوطة أول رحلة له عام 1325م منطلقا من طنجة مارا بالجزائر ثم تونس، ومصر، وفلسطين وسوريا ومنها إلى مكة قاضيا لفريضة الحج لأول مرة في حياته، ثم انطلق من مكة إلى العراق وبلاد الأناضول ثم عاد مرة أخرى إلى مكة لأداء فريضة الحج للمرة الثانية، ثم مكث في مكة عامين تلميذا لعلمائها من عام 1328م إلى 1329م، ثم قام بالمغادرة إلى اليمن ومنها إلى بلاد فارس، ومنها عاد مرة ثالثة إلى الحجاز ليؤدي فريضة الحج مرة أخرى. قرب روجر الإدريسي إليه وطلب منه أن يصنع له كرة أرضية من الفضة ولقد صنعها الإدريسي، ولكنها حطمت في ثورة كانت في صقلية، كما طلب الملك روجر من الإدريسي أيضًا تأليف كتاب في الجغرافيا؛ فألف الإدريسي كتابًا عظيمًا أصبح ذا شهرة عالمية اسمه نزهة المشتاق في اختراق الآفاق، والذي سمي أيضًا بكتاب روجر، ولقد تعلم الأوربيون من هذا الكتاب، وأخذوا من معلومات كثيرة، ونقلوا خرائطه وترجموه إلى لغاتهم. وعندما مات الملك روجر خلفه بليوم الأول، وظل الإدريسي مقربا لهذا الملك أيضا، وألف له كتابين مشهورين: الأول في الجغرافيا وسماه (روض الأنس ونزهة النفس)، والثاني في علم النبات وسماه (الجامع لصفات أشتات النبات) ترك الإدريسي صقلية في آخر أيامه ورجع إلى بلدته سبتة التي ولد فيها؛ حيث توفي فيها سنة ستين وخمسمائة للهجرة بعد أن عاش سبعة وستين عامًا.,القسطنطينية,المغرب,الأندلس,صقلية,,4,3,"اختر الإجابة الصحيحة من الخيارات التالية. أخرج رقمًا واحدًا فقط.

السؤال:
هو أبو الحسن محمد بن إدريس الحموي المعروف بالشريف الإدريسي وهو من أسرة الأدارسة المشهورة، وهو من كبار علماء الجغرافيا والرحالة العرب، وله مشاركة عظيمة وشهرة واسعة في علم الجغرافيا وعلم الفلك وعلم النبات والآداب. زار الإدريسي بلادًا كثيرة مثل: الأندلس والمغرب والبرتغال ومصر وفرنسا والقسطنطينية وسواحل آسيا الصغرى وانتهى إلى صقلية، واستقر في بلاط صاحبها النورماندي روجه الثاني، المعروف عند العرب باسم روجر. بدأ ابن بطوطة أول رحلة له عام 1325م منطلقا من طنجة مارا بالجزائر ثم تونس، ومصر، وفلسطين وسوريا ومنها إلى مكة قاضيا لفريضة الحج لأول مرة في حياته، ثم انطلق من مكة إلى العراق وبلاد الأناضول ثم عاد مرة أخرى إلى مكة لأداء فريضة الحج للمرة الثانية، ثم مكث في مكة عامين تلميذا لعلمائها من عام 1328م إلى 1329م، ثم قام بالمغادرة إلى اليمن ومنها إلى بلاد فارس، ومنها عاد مرة ثالثة إلى الحجاز ليؤدي فريضة الحج مرة أخرى. قرب روجر الإدريسي إليه وطلب منه أن يصنع له كرة أرضية من الفضة ولقد صنعها الإدريسي، ولكنها حطمت في ثورة كانت في صقلية، كما طلب الملك روجر من الإدريسي أيضًا تأليف كتاب في الجغرافيا؛ فألف الإدريسي كتابًا عظيمًا

اقرأ الفقرة التالية ثم اختر البديل المناسب لـ [فراغ] الذي يكمل الجملة بشكل صحيح
 الضمير (ها) في كلمة (صاحبها) تعود على [فراغ] .

الخيارات:
1) القسطنطينية
2) المغرب
3) الأندلس
4) صقلية",2,True,3,1.0,1.0,-0.0,False,548,10612.921,0.0,0.0,1.0,0.0,0.0,2,True,3,1.0,1.0,-0.0,False,548,6627.48,0.0,0.0,1.0,0.0,0.0,False,False,False,False,False
ammlu_6155,6155,Social Science,Primary,Palestine,يظهر في خريطة فلسطين ثلاث جهات أصلية,,صح,خطأ,,,,2,0,"اختر الإجابة الصحيحة من الخيارات التالية. أخرج رقمًا واحدًا فقط.

السؤال:
يظهر في خريطة فلسطين ثلاث جهات أصلية

الخيارات:
1) صح
2) خطأ",0,True,1,1.0,1.0,-0.0,False,88,4434.306,1.0,0.0,0.0,0.0,0.0,0,True,1,1.0,1.0,-0.0,False,88,2731.84,1.0,0.0,0.0,0.0,0.0,True,True,False,False,False
ammlu_14273,14273,Civics,Middle,Jordan,واحدة مما يلي ليست من اختصاصات السلطة التشريعية,,إعداد الموازنة العامة,مساءلة الحكومة حول الأمور العامة, تشريع القوانين المنظمة لحياة الشعب,إقرار الموازنة العامة للدولة,,4,0,"اختر الإجابة الصحيحة من الخيارات التالية. أخرج رقمًا واحدًا فقط.

السؤال:
واحدة مما يلي ليست من اختصاصات السلطة التشريعية

الخيارات:
1) إعداد الموازنة العامة
2) مساءلة الحكومة حول الأمور العامة
3) تشريع القوانين المنظمة لحياة الشعب
4) إقرار الموازنة العامة للدولة",2,True,3,1.0,1.0,-0.0,False,122,10618.322,0.0,0.0,1.0,0.0,0.0,2,True,3,1.0,1.0,-0.0,False,122,6632.63,0.0,0.0,1.0,0.0,0.0,False,False,False,False,False
ammlu_9287,9287,Math,Primary,Jordan,  .....=(3 - 8 )–  10,,1,3,5,,,3,2,"اختر الإجابة الصحيحة من الخيارات التالية. أخرج رقمًا واحدًا فقط.

السؤال:
.....=(3 - 8 )–  10

الخيارات:
1) 1
2) 3
3) 5",2,True,3,1.0,1.0,-0.0,False,90,4405.553,0.0,0.0,1.0,0.0,0.0,2,True,3,1.0,1.0,-0.0,False,90,2723.458,0.0,0.0,1.0,0.0,0.0,True,True,False,False,False
ammlu_5924,5924,Social Science,Middle,Palestine,يجوز المساس بقيمة الحرية ، ويمكن للإنسانية أن تتخلى عنها,,صح,خطأ,,,,2,1,"اختر الإجابة الصحيحة من الخيارات التالية. أخرج رقمًا واحدًا فقط.

السؤال:
يجوز المساس بقيمة الحرية ، ويمكن للإنسانية أن تتخلى عنها

الخيارات:
1) صح
2) خطأ",0,True,1,1.0,1.0,-0.0,False,92,4438.674,1.0,0.0,0.0,0.0,0.0,0,True,1,1.0,1.0,-0.0,False,92,2736.197,1.0,0.0,0.0,0.0,0.0,False,False,False,False,False
ammlu_2951,2951,History,High,Jordan,"الأمير الذي ترأس لجلسة مجلس الأمن الدولي في نيسان عام 2015م بعنوان"" صون السلام والأمن الدوليين ، حيث يعد أصغر شخصية سنا تترأس مجلس الأمن منذ تأسيسه هو :",,حمزة بن الحسين,الحسين بن عبدالله,فيصل بن الحسين,علي بن الحسين,,4,1,"اختر الإجابة الصحيحة من الخيارات التالية. أخرج رقمًا واحدًا فقط.

السؤال:
الأمير الذي ترأس لجلسة مجلس الأمن الدولي في نيسان عام 2015م بعنوان"" صون السلام والأمن الدوليين ، حيث يعد أصغر شخصية سنا تترأس مجلس الأمن منذ تأسيسه هو :

الخيارات:
1) حمزة بن الحسين
2) الحسين بن عبدالله
3) فيصل بن الحسين
4) علي بن الحسين",2,True,3,1.0,1.0,-0.0,False,147,10622.445,0.0,0.0,1.0,0.0,0.0,2,True,3,1.0,1.0,-0.0,False,147,6637.417,0.0,0.0,1.0,0.0,0.0,False,False,False,False,False
ammlu_7147,7147,Philosophy,High,Egypt,"كمن يظل مغمض عينيه ال يحاول أن يفتحهما "" .12 يقول ""ديكارت"" :"" إن المرء الذي يحيا دون تفلسف لهو حقً يدل قول ديكارت علي أن الفلسفة.",,تقاوم العقل وأحكامه .,تؤدي إلي جمود العقل .,تعطي الفرد معني للحياة .,تبحث عن العلل القريبة للظواهر,,4,2,"اختر الإجابة الصحيحة من الخيارات التالية. أخرج رقمًا واحدًا فقط.

السؤال:
كمن يظل مغمض عينيه ال يحاول أن يفتحهما "" .12 يقول ""ديكارت"" :"" إن المرء الذي يحيا دون تفلسف لهو حقً يدل قول ديكارت علي أن الفلسفة.

الخيارات:
1) تقاوم العقل وأحكامه .
2) تؤدي إلي جمود العقل .
3) تعطي الفرد معني للحياة .
4) تبحث عن العلل القريبة للظواهر",2,True,3,1.0,1.0,-0.0,False,166,10626.813,0.0,0.0,1.0,0.0,0.0,2,True,3,1.0,1.0,-0.0,False,166,6641.652,0.0,0.0,1.0,0.0,0.0,True,True,False,False,False
ammlu_6029,6029,Social Science,Primary,Palestine,-تشتهرمدينة ............... بصناعة الصابون,,نابلس,غزة,القدس,,,3,0,"اختر الإجابة الصحيحة من الخيارات التالية. أخرج رقمًا واحدًا فقط.

السؤال:
-تشتهرمدينة ............... بصناعة الصابون

الخيارات:
1) نابلس
2) غزة
3) القدس",0,True,1,1.0,1.0,-0.0,False,90,4262.377,1.0,0.0,0.0,0.0,0.0,0,True,1,1.0,1.0,-0.0,False,90,2636.217,1.0,0.0,0.0,0.0,0.0,True,True,False,False,False
ammlu_3703,3703,General Knowledge,Unknown,Unknown,طائر يضرب به المثل في الصدق فيقال أصدق من …؟,,اليمامة,الحمامة,قطاة,هدهد,,4,2,"اختر الإجابة الصحيحة من الخيارات التالية. أخرج رقمًا واحدًا فقط.

السؤال:
طائر يضرب به المثل في الصدق فيقال أصدق من …؟

الخيارات:
1) اليمامة
2) الحمامة
3) قطاة
4) هدهد",2,True,3,1.0,1.0,-0.0,False,103,4874.094,0.0,0.0,1.0,0.0,0.0,2,True,3,1.0,1.0,-0.0,False,103,3014.051,0.0,0.0,1.0,0.0,0.0,True,True,False,False,False
ammlu_12868,12868,Islamic Studies,Primary,Jordan,ذكر القرآن الكريم ….. إسما للأنبياء والرسل عليهم السلام .,,ثلاثة وعشرون ,أربعة وعشرون ,خمسة وعشرون,ستة وعشرون,,4,2,"اختر الإجابة الصحيحة من الخيارات التالية. أخرج رقمًا واحدًا فقط.

السؤال:
ذكر القرآن الكريم ….. إسما للأنبياء والرسل عليهم السلام .

الخيارات:
1) ثلاثة وعشرون
2) أربعة وعشرون
3) خمسة وعشرون
4) ستة وعشرون",2,True,3,1.0,1.0,-0.0,False,112,4879.436,0.0,0.0,1.0,0.0,0.0,2,True,3,1.0,1.0,-0.0,False,112,3019.382,0.0,0.0,1.0,0.0,0.0,True,True,False,False,False
ammlu_10467,10467,Biology,High,Egypt,اي من الوظائف التاليه تقوم بها العضلات الهيكليه,,نبض القلب,تقلص الاوعيه الدمويه,توسيع حدقه العين,حركه العين,,4,3,"اختر الإجابة الصحيحة من الخيارات التالية. أخرج رقمًا واحدًا فقط.

السؤال:
اي من الوظائف التاليه تقوم بها العضلات الهيكليه

الخيارات:
1) نبض القلب
2) تقلص الاوعيه الدمويه
3) توسيع حدقه العين
4) حركه العين",1,True,2,1.0,1.0,-0.0,False,118,4883.609,0.0,1.0,0.0,0.0,0.0,1,True,2,1.0,1.0,-0.0,False,118,3024.386,0.0,1.0,0.0,0.0,0.0,False,False,False,False,False
ammlu_13490,13490,Islamic Studies,Primary,Palestine,الحيوان الذي جاء مع جيش أبرهة,,الخيل,الاسد,الفيل,,,3,2,"اختر الإجابة الصحيحة من الخيارات التالية. أخرج رقمًا واحدًا فقط.

السؤال:
الحيوان الذي جاء مع جيش أبرهة

الخيارات:
1) الخيل
2) الاسد
3) الفيل",2,True,3,1.0,1.0,-0.0,False,88,4267.745,0.0,0.0,1.0,0.0,0.0,2,True,3,1.0,1.0,-0.0,False,88,2641.578,0.0,0.0,1.0,0.0,0.0,True,True,False,False,False
ammlu_9076,9076,Geography,High,Jordan,:من الطرائق   دراسة المناخ القديم في التعرف على التغير المناخي,,النشاط البركاني,حلقات سيقان األشجار,الصخور الرسوبية,المتحجرات,,4,1,"اختر الإجابة الصحيحة من الخيارات التالية. أخرج رقمًا واحدًا فقط.

السؤال:
:من الطرائق   دراسة المناخ القديم في التعرف على التغير المناخي

الخيارات:
1) النشاط البركاني
2) حلقات سيقان األشجار
3) الصخور الرسوبية
4) المتحجرات",2,True,3,1.0,1.0,-0.0,False,122,4887.216,0.0,0.0,1.0,0.0,0.0,2,True,3,1.0,1.0,-0.0,False,122,3028.633,0.0,0.0,1.0,0.0,0.0,False,False,False,False,False
ammlu_10519,10519,Biology,High,Egypt,التكاثر اللاجنسى يتم بواسطة,,كائن حى واحد,فرديين أبويين,إنقسام ميوزى,ظاهرة العبور,,4,0,"اختر الإجابة الصحيحة من الخيارات التالية. أخرج رقمًا واحدًا فقط.

السؤال:
التكاثر اللاجنسى يتم بواسطة

الخيارات:
1) كائن حى واحد
2) فرديين أبويين
3) إنقسام ميوزى
4) ظاهرة العبور",2,True,3,1.0,1.0,-0.0,False,109,5057.648,0.0,0.0,1.0,0.0,0.0,2,True,3,1.0,1.0,-0.0,False,109,3122.089,0.0,0.0,1.0,0.0,0.0,False,False,False,False,False
ammlu_8411,8411,Geography,High,Jordan,"(إعصار) عاصفة قصيرة المدة صغيرة المساحة تدور فيها الرياح حول مركز الإعصار حركة دورانية شديدة
القوة، تتراوح سرعته ما بين(350-555) كم بالساعة:",,الهاريكين,التيفون,التورنادو,التسونامي,,4,2,"اختر الإجابة الصحيحة من الخيارات التالية. أخرج رقمًا واحدًا فقط.

السؤال:
(إعصار) عاصفة قصيرة المدة صغيرة المساحة تدور فيها الرياح حول مركز الإعصار حركة دورانية شديدة
القوة، تتراوح سرعته ما بين(350-555) كم بالساعة:

الخيارات:
1) الهاريكين
2) التيفون
3) التورنادو
4) التسونامي",2,True,3,1.0,1.0,-0.0,False,151,5062.92,0.0,0.0,1.0,0.0,0.0,2,True,3,1.0,1.0,-0.0,False,151,3127.431,0.0,0.0,1.0,0.0,0.0,True,True,False,False,False
ammlu_6208,6208,Management,Univ,Egypt,"إختار الإجابة الصحيحة بنعم أو لا مما يأتي:

يعتبر التخطيط أسلويًا لتقليص المخاطر .",,نعم,لا,,,,2,0,"اختر الإجابة الصحيحة من الخيارات التالية. أخرج رقمًا واحدًا فقط.

السؤال:
إختار الإجابة الصحيحة بنعم أو لا مما يأتي:

يعتبر التخطيط أسلويًا لتقليص المخاطر .

الخيارات:
1) نعم
2) لا",0,True,1,1.0,1.0,-0.0,False,103,4430.847,1.0,0.0,0.0,0.0,0.0,0,True,1,1.0,1.0,-0.0,False,103,2726.771,1.0,0.0,0.0,0.0,0.0,True,True,False,False,False
ammlu_3746,3746,General Knowledge,Unknown,Unknown,كم عدد أجنحة النحلة؟,,جناحان,4 أجنحة,6أجنحة,8 أجنحة,,4,1,"اختر الإجابة الصحيحة من الخيارات التالية. أخرج رقمًا واحدًا فقط.

السؤال:
كم عدد أجنحة النحلة؟

الخيارات:
1) جناحان
2) 4 أجنحة
3) 6أجنحة
4) 8 أجنحة",1,True,2,1.0,1.0,-0.0,False,101,5067.015,0.0,1.0,0.0,0.0,0.0,0,True,1,1.0,1.0,-0.0,False,101,3131.492,1.0,0.0,0.0,0.0,0.0,True,False,True,False,True
ammlu_4599,4599,General Knowledge,Unknown,Unknown,كرب إيل وتر هو أحد ملوك الدول اليمنية القديمة فهو أحد ملوك دولة…؟,,حمير,معين,سبأ,أوسان,,4,2,"اختر الإجابة الصحيحة من الخيارات التالية. أخرج رقمًا واحدًا فقط.

السؤال:
كرب إيل وتر هو أحد ملوك الدول اليمنية القديمة فهو أحد ملوك دولة…؟

الخيارات:
1) حمير
2) معين
3) سبأ
4) أوسان",2,True,3,1.0,1.0,-0.0,False,111,5070.638,0.0,0.0,1.0,0.0,0.0,2,True,3,1.0,1.0,-0.0,False,111,3135.76,0.0,0.0,1.0,0.0,0.0,True,True,False,False,False
ammlu_980,980,Driving Test,Unknown,Lebanon,قلة النوم لسائق المركبة:,,تساعده على الإنتباه,تبطئ ردات فعله أثناء القيادة وتسبّب له فقدان طفيف للذاكرة,تساعده على تحسين ردة فعله,,,3,1,"اختر الإجابة الصحيحة من الخيارات التالية. أخرج رقمًا واحدًا فقط.

السؤال:
قلة النوم لسائق المركبة:

الخيارات:
1) تساعده على الإنتباه
2) تبطئ ردات فعله أثناء القيادة وتسبّب له فقدان طفيف للذاكرة
3) تساعده على تحسين ردة فعله",1,True,2,1.0,1.0,-0.0,False,123,4271.806,0.0,1.0,0.0,0.0,0.0,1,True,2,1.0,1.0,-0.0,False,123,2645.617,0.0,1.0,0.0,0.0,0.0,True,True,False,False,False
ammlu_6510,6510,Arabic Language,Primary,Jordan,الضمير المناسب في الجملة التالية (........ صياد ماهر),,أنتما ,أنتم ,أنت  ,,,3,2,"اختر الإجابة الصحيحة من الخيارات التالية. أخرج رقمًا واحدًا فقط.

السؤال:
الضمير المناسب في الجملة التالية (........ صياد ماهر)

الخيارات:
1) أنتما
2) أنتم
3) أنت",2,True,3,1.0,1.0,-0.0,False,96,4276.08,0.0,0.0,1.0,0.0,0.0,2,True,3,1.0,1.0,-0.0,False,96,2649.845,0.0,0.0,1.0,0.0,0.0,True,True,False,False,False
ammlu_2672,2672,History,High,Jordan,العام الذي تم فيه إبرام المعاهدة الاردنية البريطانية هو :,,1929,1927,1920,1928,,4,3,"اختر الإجابة الصحيحة من الخيارات التالية. أخرج رقمًا واحدًا فقط.

السؤال:
العام الذي تم فيه إبرام المعاهدة الاردنية البريطانية هو :

الخيارات:
1) 1929
2) 1927
3) 1920
4) 1928",2,True,3,1.0,1.0,-0.0,False,113,17565.273,0.0,0.0,1.0,0.0,0.0,2,True,3,1.0,1.0,-0.0,False,113,10999.943,0.0,0.0,1.0,0.0,0.0,False,False,False,False,False
ammlu_6626,6626,Arabic Language,High,Egypt, 7- النص تحدث عن المسك من حيث:,المسك مادة عطريةٌ تفرزها اغدة الكيسيية في بطن غزال المسك؛ حيث توجد الغدة الكيسيية عند عزلان المسك الذكور فقط، وحجمها بمقدار بيضة الدجاج وتكون درجة لزوجة المسك كالعسل ورائحته قوية إذ أنه يعمل كجاذب جنسي في الحيوان، ويستخدم أيضا في العطور كرائحةٍ ومثبت للعطور، ومن جانب آخر تُسمَّى أكياس المسك في التجارة بقرون المسك، والإفرازات المجففة تسمى حبوب المسك، ويتم الحصول على المسك من فأر المسك، وقِطّ الزباد أيضًا حيث ينتج عن طريق غدد العجان مادة ذات رائحة نفاذة تُسمَّى الزباد، تستخدم في تثبيت روائح العطور، يتم الحصول عليها بقتل قِط الزبادأو بسحبها منه دون قتله( وتلك هي الطريقة المثالية)،أو بنزع غدد العجان التي لديه، كما أنّ بعض النباتات تنتج الزيوت التي تشبه المسك، وتشمل بذور نبات الكركديه ونبات فيرولا في آسيا الوسطى وتركستان ويستخدم الآن عدد من منتجات المسك الاصطناعية.,التعريف والمصادر,الاستخدام والمصادر,التعريف والاستخدام والمصادر,"القيمة والمصادر والاستخدام
",,4,2,"اختر الإجابة الصحيحة من الخيارات التالية. أخرج رقمًا واحدًا فقط.

السؤال:
المسك مادة عطريةٌ تفرزها اغدة الكيسيية في بطن غزال المسك؛ حيث توجد الغدة الكيسيية عند عزلان المسك الذكور فقط، وحجمها بمقدار بيضة الدجاج وتكون درجة لزوجة المسك كالعسل ورائحته قوية إذ أنه يعمل كجاذب جنسي في الحيوان، ويستخدم أيضا في العطور كرائحةٍ ومثبت للعطور، ومن جانب آخر تُسمَّى أكياس المسك في التجارة بقرون المسك، والإفرازات المجففة تسمى حبوب المسك، ويتم الحصول على المسك من فأر المسك، وقِطّ الزباد أيضًا حيث ينتج عن طريق غدد العجان مادة ذات رائحة نفاذة تُسمَّى الزباد، تستخدم في تثبيت روائح العطور، يتم الحصول عليها بقتل قِط الزبادأو بسحبها منه دون قتله( وتلك هي الطريقة المثالية)،أو بنزع غدد العجان التي لديه، كما أنّ بعض النباتات تنتج الزيوت التي تشبه المسك، وتشمل بذور نبات الكركديه ونبات فيرولا في آسيا الوسطى وتركستان ويستخدم الآن عدد من منتجات المسك الاصطناعية.

7- النص تحدث عن المسك من حيث:

الخيارات:
1) التعريف والمصادر
2) الاستخدام والمصادر
3) التعريف والاستخدام والمصادر
4) القيمة والمصادر والاستخدام",1,True,2,1.0,1.0,-0.0,False,428,17570.581,0.0,1.0,0.0,0.0,0.0,2,True,3,1.0,1.0,-0.0,False,428,11005.253,0.0,0.0,1.0,0.0,0.0,False,True,False,True,True
ammlu_9508,9508,Math,Primary,Palestine,أي من الأعداد التالية يمثل عددا فرديا,,56,55,34,30,,4,1,"اختر الإجابة الصحيحة من الخيارات التالية. أخرج رقمًا واحدًا فقط.

السؤال:
أي من الأعداد التالية يمثل عددا فرديا

الخيارات:
1) 56
2) 55
3) 34
4) 30",2,True,3,1.0,1.0,-0.0,False,103,17574.652,0.0,0.0,1.0,0.0,0.0,2,True,3,1.0,1.0,-0.0,False,103,11009.223,0.0,0.0,1.0,0.0,0.0,False,False,False,False,False
ammlu_11941,11941,Arabic Language (General),Unknown,Unknown,"اقرأ النص القصير التالي ثم اختر البديل المناسب لـ [فراغ] الذي يكمل الجملة بشكل صحيح
 المقصود بقوله (علينا أن نعرف)[فراغ].",مُشْكِلَاتُ الْحَيَاةِ الزَّوْجِيَّةِ فِي الْحَيَاةِ الزَّوْجِيَّةِ خَيْرٌ كَثِيرٌ لِلزَّوْجِ، وَللزَّوْجَةِ، وَلِلْأًوْلَادِ وَمَعَ ذَلِكَ تَظْهَرُ أَحْيَانًا بَعْضُ الْمُشْكِلاتِ فِي حَيَاةِ الزَّوْجَيْنِ عَلَيْنَا أَنْ نَعْرِفَ هَذِهِ الْحَقِيقَةَ قَبْلَ الزَّوَاجِ نَعَمْ قَدْ تَحْدُثُ خِلَافَاتٌ بَيْنَ الزَّوْجَيْنِ، وَلَيْسَتْ هَذِهِ هِيَ الْمُشْكِلَةُ، وَإِنَّمَا الْمُشْكِلَةُ أَنْ نَعْجَزَ عَنْ حَلِّ تِلْكَ الْمُشْكِلاتِ. يَعْتَقِدُ كَثِيرٌ مِنَ الشَّبَابِ أَنَّ الْحَيَاةَ الزَّوْجِيَّةَ بِلَا مُشْكِلاتٍ، فَإذا قَابَلُوا مُشْكِلَةً ثَارُوا، وَفَكَّرُوا فِي الطَّلاقِ، عَلَى الشَّبَابِ أَنْ يَعْرِفُوا أَنَّ الحَياةَ الزَّوْجِيَّةَ رِحْلَةٌ طَوِيلَةٌ، وَأَنَّ السَّبِيلَ إِلَى النَّجَاحِ فِي الْحَيَاةِ الزَّوْجِيَّةِ، هُوَ الْحِوَارُ. لِمَاذَا تَحْدُثُ مُشْكِلَاتٌ بَيْنَ الزَّوْجَيْنِ مِنْ وَقْتٍ لَآخَر؟ يَعُودُ السَّبَبُ إِلَى وُجُودِ اِخْتِلافَاتٍ كَثِيرَةٍ بَيْنَ شَخْصِيَّةِ الرَّجُلِ وَشَخْصِيَّةِ الْمَرْأَةِ وَتَظْهَرُ هَذِهِ الاخْتِلافَاتُ بَعْدَ مَرْحَلَةِ الطُّفُولَةِ، وَتَزِيدُ فِي مَرْحَلَةِ الشَّبَابِ فَالرَّجُلُ يُحِبُّ أَشْيَاءَ لاتُحِبُّهَا الْمَرْأَةُ، وَالْمَرْأَةُ تُحِبُّ أَشْيَاءَ لا يُحِبُّهَا الرَّجُلُ. وَعِنْدَمَا تَظْهَرُ المُشْكِلاتُ فِي الْحَيَاةِ الزَّوْجِيَّةِ يَأْخُذُ الزَّوْجَانِ فِي الشَّكْوَى يَشْكُو الزَّوْجُ فَيَقُولُ: زَوْجَتِي لَا تَسْتَمِعُ إِلَيّ، وَتَتَكَلَّمُ مَعَ صَدِيقَاتِهَا فِي الهَاتِفِ كَثِيرًا، وَتَذْهَبُ إِلَى السُّوقِ كَثِيرًا وَتَشْتَرِي أَشْياءَ لا نَحْتَاجُ إِلَيْهَا، وَتَشْكُو الزَّوْجَةُ فَتَقُولُ: زَوْجِي يَتَكَلَّمُ طُولَ الوَقْتِ فِي السِّيَاسَةِ وَالرِّيَاضَةِ، وَيَقْضِي وَقْتًا طَوِيلا خَارِجَ البَيْتِ، وَعِنْدَمَا يَكُونُ فِي الْبَيْتِ يَقْضِي الوَقْتَ فِي قِرَاءَةِ الصُّحِفِ وَالمَجَلَّاتِ أَوْ مَعَ الحَاسُوبِ.,لا يجب أن نعرف,يمكن أن نعرف,يجب أن نعرف,من المهم أن نعرف,,4,2,"اختر الإجابة الصحيحة من الخيارات التالية. أخرج رقمًا واحدًا فقط.

السؤال:
مُشْكِلَاتُ الْحَيَاةِ الزَّوْجِيَّةِ فِي الْحَيَاةِ الزَّوْجِيَّةِ خَيْرٌ كَثِيرٌ لِلزَّوْجِ، وَللزَّوْجَةِ، وَلِلْأًوْلَادِ وَمَعَ ذَلِكَ تَظْهَرُ أَحْيَانًا بَعْضُ الْمُشْكِلاتِ فِي حَيَاةِ الزَّوْجَيْنِ عَلَيْنَا أَنْ نَعْرِفَ هَذِهِ الْحَقِيقَةَ قَبْلَ الزَّوَاجِ نَعَمْ قَدْ تَحْدُثُ خِلَافَاتٌ بَيْنَ الزَّوْجَيْنِ، وَلَيْسَتْ هَذِهِ هِيَ الْمُشْكِلَةُ، وَإِنَّمَا الْمُشْكِلَةُ أَنْ نَعْجَزَ عَنْ حَلِّ تِلْكَ الْمُشْكِلاتِ. يَعْتَقِدُ كَثِيرٌ مِنَ الشَّبَابِ أَنَّ الْحَيَاةَ الزَّوْجِيَّةَ بِلَا مُشْكِلاتٍ، فَإذا قَابَلُوا مُشْكِلَةً ثَارُوا، وَفَكَّرُوا فِي الطَّلاقِ، عَلَى الشَّبَابِ أَنْ يَعْرِفُوا أَنَّ الحَياةَ الزَّوْجِيَّةَ رِحْلَةٌ طَوِيلَةٌ، وَأَنَّ السَّبِيلَ إِلَى النَّجَاحِ فِي الْحَيَاةِ الزَّوْجِيَّةِ، هُوَ الْحِوَارُ. لِمَاذَا تَحْدُثُ مُشْكِلَاتٌ بَيْنَ الزَّوْجَيْنِ مِنْ وَقْتٍ لَآخَر؟ يَعُودُ السَّبَبُ إِلَى وُجُودِ اِخْتِلافَاتٍ كَثِيرَةٍ بَيْنَ شَخْصِيَّةِ الرَّجُلِ وَشَخْصِيَّةِ الْمَرْأَةِ وَتَظْهَرُ هَذِهِ الاخْتِلافَاتُ بَعْدَ مَرْحَلَةِ الطُّفُولَةِ، وَتَزِيدُ فِي مَرْحَلَةِ الشَّبَاب

اقرأ النص القصير التالي ثم اختر البديل المناسب لـ [فراغ] الذي يكمل الجملة بشكل صحيح
 المقصود بقوله (علينا أن نعرف)[فراغ].

الخيارات:
1) لا يجب أن نعرف
2) يمكن أن نعرف
3) يجب أن نعرف
4) من المهم أن نعرف",2,True,3,1.0,1.0,-0.0,False,964,17578.944,0.0,0.0,1.0,0.0,0.0,2,True,3,1.0,1.0,-0.0,False,964,11012.79,0.0,0.0,1.0,0.0,0.0,True,True,False,False,False
ammlu_863,863,Driving Test,Unknown,Egypt,لا يجوز التخطي على خطوط السكك الحديدية والتقطعات والكباري والأنفاق.,,العبارة صحيحة,العبارة خاطئة,,,,2,0,"اختر الإجابة الصحيحة من الخيارات التالية. أخرج رقمًا واحدًا فقط.

السؤال:
لا يجوز التخطي على خطوط السكك الحديدية والتقطعات والكباري والأنفاق.

الخيارات:
1) العبارة صحيحة
2) العبارة خاطئة",0,True,1,1.0,1.0,-0.0,False,103,4436.175,1.0,0.0,0.0,0.0,0.0,0,True,1,1.0,1.0,-0.0,False,103,2732.059,1.0,0.0,0.0,0.0,0.0,True,True,False,False,False
ammlu_5826,5826,Social Science,Primary,Palestine,نصنع من الأخشاب,,الطعام,الاثاث,الدواء,,,3,1,"اختر الإجابة الصحيحة من الخيارات التالية. أخرج رقمًا واحدًا فقط.

السؤال:
نصنع من الأخشاب

الخيارات:
1) الطعام
2) الاثاث
3) الدواء",1,True,2,1.0,1.0,-0.0,False,82,4574.442,0.0,1.0,0.0,0.0,0.0,1,True,2,1.0,1.0,-0.0,False,82,2819.039,0.0,1.0,0.0,0.0,0.0,True,True,False,False,False
ammlu_12298,12298,Arabic Language (Grammar),Unknown,Unknown,"اختر حرف الجر المناسب لوضعه بدلاً من [فراغ] في الجملة التالية:
أنا [فراغ] باكستان.",,ب,إلى,من,في,,4,2,"اختر الإجابة الصحيحة من الخيارات التالية. أخرج رقمًا واحدًا فقط.

السؤال:
اختر حرف الجر المناسب لوضعه بدلاً من [فراغ] في الجملة التالية:
أنا [فراغ] باكستان.

الخيارات:
1) ب
2) إلى
3) من
4) في",2,True,3,1.0,1.0,-0.0,False,113,4771.522,0.0,0.0,1.0,0.0,0.0,2,True,3,1.0,1.0,-0.0,False,113,2939.292,0.0,0.0,1.0,0.0,0.0,True,True,False,False,False
ammlu_2322,2322,Natural Science,Primary,Jordan,تحدث الفصول الأربعة بسبب ,,ميلان محور الأرض ودوارنها حول نفسها ,ميلان الشمس ودوارن الأرض حول نفسها ,لا شيء مما ذكر ,ميلان محور الأرض ودوارنها حول الشمس ,,4,3,"اختر الإجابة الصحيحة من الخيارات التالية. أخرج رقمًا واحدًا فقط.

السؤال:
تحدث الفصول الأربعة بسبب

الخيارات:
1) ميلان محور الأرض ودوارنها حول نفسها
2) ميلان الشمس ودوارن الأرض حول نفسها
3) لا شيء مما ذكر
4) ميلان محور الأرض ودوارنها حول الشمس",2,True,3,1.0,1.0,-0.0,False,124,4776.779,0.0,0.0,1.0,0.0,0.0,2,True,3,1.0,1.0,-0.0,False,124,2944.638,0.0,0.0,1.0,0.0,0.0,False,False,False,False,False
ammlu_2707,2707,History,High,Jordan,الدولة الإسلامية التي اتخذت من اللون الاسود راية لها هي :,,الأموية,العباسية,الفاطمية,المملوكية,,4,1,"اختر الإجابة الصحيحة من الخيارات التالية. أخرج رقمًا واحدًا فقط.

السؤال:
الدولة الإسلامية التي اتخذت من اللون الاسود راية لها هي :

الخيارات:
1) الأموية
2) العباسية
3) الفاطمية
4) المملوكية",2,True,3,1.0,1.0,-0.0,False,104,4780.859,0.0,0.0,1.0,0.0,0.0,2,True,3,1.0,1.0,-0.0,False,104,2948.691,0.0,0.0,1.0,0.0,0.0,False,False,False,False,False
ammlu_5229,5229,Social Science,Middle,Unknown,تُعد وسيلة الاتصال والتفاهم بين أبناء الأمة العربية الإسلامية :-,,الدين الإسلامي,التاريخ المشترك,اللغة العربية,البيئة الاجتماعية,,4,0,"اختر الإجابة الصحيحة من الخيارات التالية. أخرج رقمًا واحدًا فقط.

السؤال:
تُعد وسيلة الاتصال والتفاهم بين أبناء الأمة العربية الإسلامية :-

الخيارات:
1) الدين الإسلامي
2) التاريخ المشترك
3) اللغة العربية
4) البيئة الاجتماعية",2,True,3,1.0,1.0,-0.0,False,105,4784.384,0.0,0.0,1.0,0.0,0.0,2,True,3,1.0,1.0,-0.0,False,105,2952.248,0.0,0.0,1.0,0.0,0.0,False,False,False,False,False
ammlu_2628,2628,History,Middle,Palestine, قرار الأمم المتحدة الذي اعتبر الإجراءات الصهيونية في القدس باطلة,,142,141,252,,,3,2,"اختر الإجابة الصحيحة من الخيارات التالية. أخرج رقمًا واحدًا فقط.

السؤال:
قرار الأمم المتحدة الذي اعتبر الإجراءات الصهيونية في القدس باطلة

الخيارات:
1) 142
2) 141
3) 252",2,True,3,1.0,1.0,-0.0,False,103,4579.83,0.0,0.0,1.0,0.0,0.0,2,True,3,1.0,1.0,-0.0,False,103,2824.319,0.0,0.0,1.0,0.0,0.0,True,True,False,False,False
ammlu_9144,9144,Geography,High,Jordan,"من المتوقع أن تغمر  المياه في نهاية القرن والحادي والعشرين ما نسبته17,5 % :من مساحة",,المالديف,بنغالدش,االهند,هولندا,,4,1,"اختر الإجابة الصحيحة من الخيارات التالية. أخرج رقمًا واحدًا فقط.

السؤال:
من المتوقع أن تغمر  المياه في نهاية القرن والحادي والعشرين ما نسبته17,5 % :من مساحة

الخيارات:
1) المالديف
2) بنغالدش
3) االهند
4) هولندا",2,True,3,1.0,1.0,-0.0,False,122,5255.954,0.0,0.0,1.0,0.0,0.0,2,True,3,1.0,1.0,-0.0,False,122,3245.351,0.0,0.0,1.0,0.0,0.0,False,False,False,False,False
ammlu_8620,8620,Geography,High,Jordan,الاتفاقية التي حددت في عام 1997م ، خطة تبادل الانبعاثات الكرونية بين الدول الصناعية والدول النامية هي :,,قمة الأرض,اتفاقية كيوتو,اتفاقية فينا,اتفاقية باريس,,4,1,"اختر الإجابة الصحيحة من الخيارات التالية. أخرج رقمًا واحدًا فقط.

السؤال:
الاتفاقية التي حددت في عام 1997م ، خطة تبادل الانبعاثات الكرونية بين الدول الصناعية والدول النامية هي :

الخيارات:
1) قمة الأرض
2) اتفاقية كيوتو
3) اتفاقية فينا
4) اتفاقية باريس",1,True,2,1.0,1.0,-0.0,False,138,5265.321,0.0,1.0,0.0,0.0,0.0,2,True,3,1.0,1.0,-0.0,False,138,3254.89,0.0,0.0,1.0,0.0,0.0,True,False,True,False,True
ammlu_4001,4001,General Knowledge,Unknown,Unknown,كم عدد دول حلف شمال الأطلنطي؟,,8دول,12دولة,16 دولة,20 دولة,,4,2,"اختر الإجابة الصحيحة من الخيارات التالية. أخرج رقمًا واحدًا فقط.

السؤال:
كم عدد دول حلف شمال الأطلنطي؟

الخيارات:
1) 8دول
2) 12دولة
3) 16 دولة
4) 20 دولة",2,True,3,1.0,1.0,-0.0,False,103,5261.267,0.0,0.0,1.0,0.0,0.0,2,True,3,1.0,1.0,-0.0,False,103,3250.757,0.0,0.0,1.0,0.0,0.0,True,True,False,False,False
ammlu_12377,12377,Arabic Language (Grammar),Unknown,Unknown,"اختر الضمير المناسب الملائم الذي يكمل الجملة التالية
ماذا يُريدُ؟ [فراغ]",,هو,هن,هما,أنتم,أنا,5,0,"اختر الإجابة الصحيحة من الخيارات التالية. أخرج رقمًا واحدًا فقط.

السؤال:
اختر الضمير المناسب الملائم الذي يكمل الجملة التالية
ماذا يُريدُ؟ [فراغ]

الخيارات:
1) هو
2) هن
3) هما
4) أنتم
5) أنا",2,True,3,1.0,1.0,-0.0,False,112,4635.148,0.0,0.0,1.0,0.0,0.0,2,True,3,1.0,1.0,-0.0,False,112,2862.335,0.0,0.0,1.0,0.0,0.0,False,False,False,False,False
ammlu_6748,6748,Arabic Language,High,Egypt,"
«إن المتوتر اختباراته غير مجتازة بنجاح».

إلى أي مما يلي تنتمي كلمة «مجتازة»؟",,اسم مفعول.,اسم فاعل.,صيغة مبالغة.,مصدر ميمي.,,4,0,"اختر الإجابة الصحيحة من الخيارات التالية. أخرج رقمًا واحدًا فقط.

السؤال:
«إن المتوتر اختباراته غير مجتازة بنجاح».

إلى أي مما يلي تنتمي كلمة «مجتازة»؟

الخيارات:
1) اسم مفعول.
2) اسم فاعل.
3) صيغة مبالغة.
4) مصدر ميمي.",1,True,2,1.0,1.0,-0.0,False,128,5269.584,0.0,1.0,0.0,0.0,0.0,1,True,2,1.0,1.0,-0.0,False,128,3259.2,0.0,1.0,0.0,0.0,0.0,False,False,False,False,False
ammlu_2279,2279,Natural Science,Middle,Jordan, تنتج حدود ......... عند تقارب صفيحة قارية من صفيحة قارية أخري  ,,الغوص  ,المتباعدة  ,الجانبية  ,التصادم,,4,3,"اختر الإجابة الصحيحة من الخيارات التالية. أخرج رقمًا واحدًا فقط.

السؤال:
تنتج حدود ......... عند تقارب صفيحة قارية من صفيحة قارية أخري

الخيارات:
1) الغوص
2) المتباعدة
3) الجانبية
4) التصادم",2,True,3,1.0,1.0,-0.0,False,108,5675.913,0.0,0.0,1.0,0.0,0.0,2,True,3,1.0,1.0,-0.0,False,108,3507.762,0.0,0.0,1.0,0.0,0.0,False,False,False,False,False
ammlu_11185,11185,Economics,Univ,Egypt,یحتوى الجدول على,,الإطار الذي یحكم نطاق سریان العقد,الظروف التي یصبح المؤمن غیر ملتزما بأداء أي تعویض,وصف الممتلكات المؤمن علیها، ومبلغ التأمین، وا ٕ جمالي القسط,الظروف والأحوال التي یصبح المؤمن ملتزما بالتعویض,,4,2,"اختر الإجابة الصحيحة من الخيارات التالية. أخرج رقمًا واحدًا فقط.

السؤال:
یحتوى الجدول على

الخيارات:
1) الإطار الذي یحكم نطاق سریان العقد
2) الظروف التي یصبح المؤمن غیر ملتزما بأداء أي تعویض
3) وصف الممتلكات المؤمن علیها، ومبلغ التأمین، وا ٕ جمالي القسط
4) الظروف والأحوال التي یصبح المؤمن ملتزما بالتعویض",2,True,3,1.0,1.0,-0.0,False,162,5681.322,0.0,0.0,1.0,0.0,0.0,2,True,3,1.0,1.0,-0.0,False,162,3513.14,0.0,0.0,1.0,0.0,0.0,True,True,False,False,False
ammlu_10676,10676,Biology,High,Egypt,يتم بناء الريبوسومات علي مرحلتين اولا بناء البروتين في السيتوبلازم ثانيا دخول البروتين الي النواه ويرتبط بrRNAحيث يخرج في صوره وحدتين,,صح,خطأ,,,,2,0,"اختر الإجابة الصحيحة من الخيارات التالية. أخرج رقمًا واحدًا فقط.

السؤال:
يتم بناء الريبوسومات علي مرحلتين اولا بناء البروتين في السيتوبلازم ثانيا دخول البروتين الي النواه ويرتبط بrRNAحيث يخرج في صوره وحدتين

الخيارات:
1) صح
2) خطأ",0,True,1,1.0,1.0,-0.0,False,128,4440.264,1.0,0.0,0.0,0.0,0.0,0,True,1,1.0,1.0,-0.0,False,128,2736.087,1.0,0.0,0.0,0.0,0.0,True,True,False,False,False
ammlu_7852,7852,Geography,Primary,Jordan,تتميز نباتات الإقليم الصحراوي أنها: ,,غير رطبة ,عدم تخزين المياه لفترات طويلة ,لا شيء مما ذكر ,تتحمل الجفاف ,,4,3,"اختر الإجابة الصحيحة من الخيارات التالية. أخرج رقمًا واحدًا فقط.

السؤال:
تتميز نباتات الإقليم الصحراوي أنها:

الخيارات:
1) غير رطبة
2) عدم تخزين المياه لفترات طويلة
3) لا شيء مما ذكر
4) تتحمل الجفاف",3,True,4,1.0,1.0,-0.0,False,109,5685.348,0.0,0.0,0.0,1.0,0.0,2,True,3,1.0,1.0,-0.0,False,109,3517.202,0.0,0.0,1.0,0.0,0.0,True,False,True,False,True
ammlu_5761,5761,Social Science,Primary,Palestine,طعم الليمون مر.,,صح,خطأ,,,,2,1,"اختر الإجابة الصحيحة من الخيارات التالية. أخرج رقمًا واحدًا فقط.

السؤال:
طعم الليمون مر.

الخيارات:
1) صح
2) خطأ",0,True,1,1.0,1.0,-0.0,False,77,4444.485,1.0,0.0,0.0,0.0,0.0,0,True,1,1.0,1.0,-0.0,False,77,2740.423,1.0,0.0,0.0,0.0,0.0,False,False,False,False,False
ammlu_1777,1777,Driving Test,Unknown,Jordan,من الإجراءات الوقائية لمنع تعليق دواسة الوقود:,, تفقد نظام الوقود في المركبة,التأكد من وضع نوع الوقود المناسب والخاص بتلك المركبة,"تفقد أرضية المركبة و دواسة الوقود وتزييت سلك دواسة الوقود
",استخدام حذاء ذو كعب قصير,,4,2,"اختر الإجابة الصحيحة من الخيارات التالية. أخرج رقمًا واحدًا فقط.

السؤال:
من الإجراءات الوقائية لمنع تعليق دواسة الوقود:

الخيارات:
1) تفقد نظام الوقود في المركبة
2) التأكد من وضع نوع الوقود المناسب والخاص بتلك المركبة
3) تفقد أرضية المركبة و دواسة الوقود وتزييت سلك دواسة الوقود
4) استخدام حذاء ذو كعب قصير",1,True,2,1.0,1.0,-0.0,False,150,5688.885,0.0,1.0,0.0,0.0,0.0,1,True,2,1.0,1.0,-0.0,False,150,3520.765,0.0,1.0,0.0,0.0,0.0,False,False,False,False,False
ammlu_10369,10369,Biology,High,Egypt,يرسل نبات المستحية المعلومات من موضع اللمس إلى موضع الحركة من خلال رسالة,,كيميائية,كهربية,كهروكيميائية,ضوئية,,4,0,"اختر الإجابة الصحيحة من الخيارات التالية. أخرج رقمًا واحدًا فقط.

السؤال:
يرسل نبات المستحية المعلومات من موضع اللمس إلى موضع الحركة من خلال رسالة

الخيارات:
1) كيميائية
2) كهربية
3) كهروكيميائية
4) ضوئية",2,True,3,1.0,1.0,-0.0,False,112,5103.712,0.0,0.0,1.0,0.0,0.0,2,True,3,1.0,1.0,-0.0,False,112,3143.608,0.0,0.0,1.0,0.0,0.0,False,False,False,False,False
ammlu_3688,3688,General Knowledge,Unknown,Unknown,من القائل:لعمرك بالموت عار على الفتى *** إذا لم تصبه في الحياة المعابر؟,,ليلى الأخليلية,رابعة العدوية,عائشة هانم التيمورية,ملك حفني ناصف,,4,0,"اختر الإجابة الصحيحة من الخيارات التالية. أخرج رقمًا واحدًا فقط.

السؤال:
من القائل:لعمرك بالموت عار على الفتى *** إذا لم تصبه في الحياة المعابر؟

الخيارات:
1) ليلى الأخليلية
2) رابعة العدوية
3) عائشة هانم التيمورية
4) ملك حفني ناصف",2,True,3,1.0,1.0,-0.0,False,127,5116.832,0.0,0.0,1.0,0.0,0.0,2,True,3,1.0,1.0,-0.0,False,127,3156.55,0.0,0.0,1.0,0.0,0.0,False,False,False,False,False
ammlu_12513,12513,Arabic Language (Grammar),Unknown,Unknown,"أي من التكملات التالية هي الصحيحة بدلاً من [فراغ]
جاء الطلابُ، وقابلَــ[فراغ].الأستاذُ.",,هن,هما,هم,ون,,4,2,"اختر الإجابة الصحيحة من الخيارات التالية. أخرج رقمًا واحدًا فقط.

السؤال:
أي من التكملات التالية هي الصحيحة بدلاً من [فراغ]
جاء الطلابُ، وقابلَــ[فراغ].الأستاذُ.

الخيارات:
1) هن
2) هما
3) هم
4) ون",1,True,2,1.0,1.0,-0.0,False,120,5109.08,0.0,1.0,0.0,0.0,0.0,2,True,3,1.0,1.0,-0.0,False,120,3148.893,0.0,0.0,1.0,0.0,0.0,False,True,False,True,True
ammlu_10504,10504,Biology,High,Egypt,احدث صور التكاثر اللاجنسي,,الانشطار الثنائي,التكاثر بالجراثيم,زراعه الانسجه,,,3,2,"اختر الإجابة الصحيحة من الخيارات التالية. أخرج رقمًا واحدًا فقط.

السؤال:
احدث صور التكاثر اللاجنسي

الخيارات:
1) الانشطار الثنائي
2) التكاثر بالجراثيم
3) زراعه الانسجه",2,True,3,1.0,1.0,-0.0,False,102,4583.958,0.0,0.0,1.0,0.0,0.0,1,True,2,1.0,1.0,-0.0,False,102,2828.428,0.0,1.0,0.0,0.0,0.0,True,False,True,False,True
ammlu_1600,1600,Driving Test,Unknown,KSA,من الأمور التي ينبغي مراعاتها من قبل صاحب المركبة عند الوقوف الاضطراري ما يلي,,وضع مثلث التحذير على بعد (100) متر خلف المركبة,الابتعاد عن الطريق بمسافة لا تقل عن مترين,كل ما ذكر,,,3,2,"اختر الإجابة الصحيحة من الخيارات التالية. أخرج رقمًا واحدًا فقط.

السؤال:
من الأمور التي ينبغي مراعاتها من قبل صاحب المركبة عند الوقوف الاضطراري ما يلي

الخيارات:
1) وضع مثلث التحذير على بعد (100) متر خلف المركبة
2) الابتعاد عن الطريق بمسافة لا تقل عن مترين
3) كل ما ذكر",1,True,2,1.0,1.0,-0.0,False,138,4588.174,0.0,1.0,0.0,0.0,0.0,1,True,2,1.0,1.0,-0.0,False,138,2832.627,0.0,1.0,0.0,0.0,0.0,False,False,False,False,False
ammlu_6868,6868,Arabic Language,High,Egypt,عند التعجب من ذكاء الطفل يكون الأسلوب المنضبط,,ما أذكى الطفل!,ما أجمل ذكاء الطفل!,ما أروع أن يتذاكى الطفل,ما أجمل الطفل في الذكاء,,4,0,"اختر الإجابة الصحيحة من الخيارات التالية. أخرج رقمًا واحدًا فقط.

السؤال:
عند التعجب من ذكاء الطفل يكون الأسلوب المنضبط

الخيارات:
1) ما أذكى الطفل!
2) ما أجمل ذكاء الطفل!
3) ما أروع أن يتذاكى الطفل
4) ما أجمل الطفل في الذكاء",1,True,2,1.0,1.0,-0.0,False,120,5113.256,0.0,1.0,0.0,0.0,0.0,1,True,2,1.0,1.0,-0.0,False,120,3153.001,0.0,1.0,0.0,0.0,0.0,False,False,False,False,False
ammlu_2876,2876,History,High,Jordan,اتحاد عربي من اهدافه تنمية البلدين وتطويرهما بالمشاريع الاقتصادية المشتركة بطريقة تكاملية تسهم في دفع المسيرة التنموية في كلا البلدين هو :,,العربي الهاشمي,مجلس التعاون العربي,المملكة العربية المتحدة,الاتحاد المغاربي,,4,0,"اختر الإجابة الصحيحة من الخيارات التالية. أخرج رقمًا واحدًا فقط.

السؤال:
اتحاد عربي من اهدافه تنمية البلدين وتطويرهما بالمشاريع الاقتصادية المشتركة بطريقة تكاملية تسهم في دفع المسيرة التنموية في كلا البلدين هو :

الخيارات:
1) العربي الهاشمي
2) مجلس التعاون العربي
3) المملكة العربية المتحدة
4) الاتحاد المغاربي",1,True,2,1.0,1.0,-0.0,False,131,4872.887,0.0,1.0,0.0,0.0,0.0,1,True,2,1.0,1.0,-0.0,False,131,3018.213,0.0,1.0,0.0,0.0,0.0,False,False,False,False,False
ammlu_3973,3973,General Knowledge,Unknown,Unknown,الكيروسين هو أحد مستخرجات النفط ويستخدم كوقود للـ…؟,,الطائرات,السيارات,الناقلات,مولدات الكهرباء,,4,0,"اختر الإجابة الصحيحة من الخيارات التالية. أخرج رقمًا واحدًا فقط.

السؤال:
الكيروسين هو أحد مستخرجات النفط ويستخدم كوقود للـ…؟

الخيارات:
1) الطائرات
2) السيارات
3) الناقلات
4) مولدات الكهرباء",2,True,3,1.0,1.0,-0.0,False,108,4878.158,0.0,0.0,1.0,0.0,0.0,2,True,3,1.0,1.0,-0.0,False,108,3023.467,0.0,0.0,1.0,0.0,0.0,False,False,False,False,False
ammlu_14448,14448,Civics,Middle,Jordan,من الصناعات التي تطورت في الآردن الصناعات الكيماوية مثل :,,الأدوية,الإلكترونيات,الزجاج,الحياكة,,4,0,"اختر الإجابة الصحيحة من الخيارات التالية. أخرج رقمًا واحدًا فقط.

السؤال:
من الصناعات التي تطورت في الآردن الصناعات الكيماوية مثل :

الخيارات:
1) الأدوية
2) الإلكترونيات
3) الزجاج
4) الحياكة",2,True,3,1.0,1.0,-0.0,False,107,4886.474,0.0,0.0,1.0,0.0,0.0,2,True,3,1.0,1.0,-0.0,False,107,3031.792,0.0,0.0,1.0,0.0,0.0,False,False,False,False,False
ammlu_3380,3380,History,High,Unknown,حرفة شعبية قديمة تستخدم فيها أدوات تقليدية مثل الكير والسندان:-,,النجارة.,الغوص.,الحدادة.,الحياكة.,,4,3,"اختر الإجابة الصحيحة من الخيارات التالية. أخرج رقمًا واحدًا فقط.

السؤال:
حرفة شعبية قديمة تستخدم فيها أدوات تقليدية مثل الكير والسندان:-

الخيارات:
1) النجارة.
2) الغوص.
3) الحدادة.
4) الحياكة.",2,True,3,1.0,1.0,-0.0,False,110,4882.24,0.0,0.0,1.0,0.0,0.0,2,True,3,1.0,1.0,-0.0,False,110,3027.572,0.0,0.0,1.0,0.0,0.0,False,False,False,False,False
ammlu_10781,10781,Biology,High,Egypt,تشبه في عملها وظيفه الكبد,,البروتينات المضاده للكائنات الدقيقه,المواد الكيميائيه المضاده للكائنات الدقيقه,ا  و  ب معا,,,3,0,"اختر الإجابة الصحيحة من الخيارات التالية. أخرج رقمًا واحدًا فقط.

السؤال:
تشبه في عملها وظيفه الكبد

الخيارات:
1) البروتينات المضاده للكائنات الدقيقه
2) المواد الكيميائيه المضاده للكائنات الدقيقه
3) ا  و  ب معا",1,True,2,1.0,1.0,-0.0,False,121,4758.095,0.0,1.0,0.0,0.0,0.0,1,True,2,1.0,1.0,-0.0,False,121,2945.275,0.0,1.0,0.0,0.0,0.0,False,False,False,False,False
ammlu_6673,6673,Arabic Language,High,Egypt,"
قال الشاعر:

رفقًا بجفنٍ كلما أبكَيتِهِ * سال العَقيقُ به وقام الماءُ

ميز -مما يلي- سبب نصب كلمة «رفقا».",,مفعول مطلق لفعل محذوف.,مفعول به منصوب على الإغراء.,نائب مفعول مطلق.,حال مقدم.,,4,0,"اختر الإجابة الصحيحة من الخيارات التالية. أخرج رقمًا واحدًا فقط.

السؤال:
قال الشاعر:

رفقًا بجفنٍ كلما أبكَيتِهِ * سال العَقيقُ به وقام الماءُ

ميز -مما يلي- سبب نصب كلمة «رفقا».

الخيارات:
1) مفعول مطلق لفعل محذوف.
2) مفعول به منصوب على الإغراء.
3) نائب مفعول مطلق.
4) حال مقدم.",2,True,3,1.0,1.0,-0.0,False,160,6207.994,0.0,0.0,1.0,0.0,0.0,2,True,3,1.0,1.0,-0.0,False,160,3832.927,0.0,0.0,1.0,0.0,0.0,False,False,False,False,False
ammlu_1644,1644,Driving Test,Unknown,Jordan,مركبة النقل أو الرفع او الجر الية مجهزة بمعدات ثابتة وبصورة دائمة و لا يمكن استعمالها الا في الاغراض المصممة لها تسمى :,,سيارة الشحن.,الحافلة,سيارة النقل المشترك.,مركبة ذات الاستعمال الخاص.,,4,0,"اختر الإجابة الصحيحة من الخيارات التالية. أخرج رقمًا واحدًا فقط.

السؤال:
مركبة النقل أو الرفع او الجر الية مجهزة بمعدات ثابتة وبصورة دائمة و لا يمكن استعمالها الا في الاغراض المصممة لها تسمى :

الخيارات:
1) سيارة الشحن.
2) الحافلة
3) سيارة النقل المشترك.
4) مركبة ذات الاستعمال الخاص.",2,True,3,1.0,1.0,-0.0,False,139,6213.617,0.0,0.0,1.0,0.0,0.0,2,True,3,1.0,1.0,-0.0,False,139,3838.25,0.0,0.0,1.0,0.0,0.0,False,False,False,False,False
ammlu_6785,6785,Arabic Language,High,Egypt,-من سمات أسلوب طه حسين:,,الموضوعية,الحديث للقارئ ومشاركته للأحداث,الاعتماد علي اللوازم اللفظية,كل ما سبق,,4,3,"اختر الإجابة الصحيحة من الخيارات التالية. أخرج رقمًا واحدًا فقط.

السؤال:
-من سمات أسلوب طه حسين:

الخيارات:
1) الموضوعية
2) الحديث للقارئ ومشاركته للأحداث
3) الاعتماد علي اللوازم اللفظية
4) كل ما سبق",1,True,2,1.0,1.0,-0.0,False,111,6217.717,0.0,1.0,0.0,0.0,0.0,1,True,2,1.0,1.0,-0.0,False,111,3842.381,0.0,1.0,0.0,0.0,0.0,False,False,False,False,False
ammlu_10688,10688,Biology,High,Egypt,-تخترق البويضه اربع حيوانات منويه,,صح,خطأ,,,,2,1,"اختر الإجابة الصحيحة من الخيارات التالية. أخرج رقمًا واحدًا فقط.

السؤال:
-تخترق البويضه اربع حيوانات منويه

الخيارات:
1) صح
2) خطأ",0,True,1,1.0,1.0,-0.0,False,89,4076.23,1.0,0.0,0.0,0.0,0.0,0,True,1,1.0,1.0,-0.0,False,89,2476.933,1.0,0.0,0.0,0.0,0.0,False,False,False,False,False
ammlu_7141,7141,Philosophy,High,Egypt,"يقول ""هنري توماس"" : ""حب الحكمة كالشمس تماما بزغ نوره من الشرق ثم ما لبث أن أنتشر تجاه الغرب"" فإذا كانت الفلسفة اليونانية تتسم بالطابع النظري وفلسفة الشرق تتسم بالطابع ألاخالقي الديني؛ فإن العلاقة بينهم علاقة ......",,تواصل,انقطاع,تبادل,انفصال,,4,0,"اختر الإجابة الصحيحة من الخيارات التالية. أخرج رقمًا واحدًا فقط.

السؤال:
يقول ""هنري توماس"" : ""حب الحكمة كالشمس تماما بزغ نوره من الشرق ثم ما لبث أن أنتشر تجاه الغرب"" فإذا كانت الفلسفة اليونانية تتسم بالطابع النظري وفلسفة الشرق تتسم بالطابع ألاخالقي الديني؛ فإن العلاقة بينهم علاقة ......

الخيارات:
1) تواصل
2) انقطاع
3) تبادل
4) انفصال",2,True,3,1.0,1.0,-0.0,False,169,6222.037,0.0,0.0,1.0,0.0,0.0,2,True,3,1.0,1.0,-0.0,False,169,3846.626,0.0,0.0,1.0,0.0,0.0,False,False,False,False,False
ammlu_11402,11402,Economics,High,Jordan,من مهام دائرة حماية المستهلك المالي :,,متابعة الوضع المالي للافراد والمؤسسات,زيادة وعي الجمهور بالانشطه المصرفيه والماليه,التسعير المسؤول للخدمات الماليه,التصميم والتقديم الملائم للخدمات الماليه,,4,1,"اختر الإجابة الصحيحة من الخيارات التالية. أخرج رقمًا واحدًا فقط.

السؤال:
من مهام دائرة حماية المستهلك المالي :

الخيارات:
1) متابعة الوضع المالي للافراد والمؤسسات
2) زيادة وعي الجمهور بالانشطه المصرفيه والماليه
3) التسعير المسؤول للخدمات الماليه
4) التصميم والتقديم الملائم للخدمات الماليه",1,True,2,1.0,1.0,-0.0,False,141,6202.232,0.0,1.0,0.0,0.0,0.0,1,True,2,1.0,1.0,-0.0,False,141,3827.505,0.0,1.0,0.0,0.0,0.0,True,True,False,False,False
ammlu_2545,2545,History,Middle,Jordan,	الباعة في فن التحنيط من أهم الانجازات  ,,الفلكية,الحسابية,الأدبية,الطبية,,4,3,"اختر الإجابة الصحيحة من الخيارات التالية. أخرج رقمًا واحدًا فقط.

السؤال:
الباعة في فن التحنيط من أهم الانجازات

الخيارات:
1) الفلكية
2) الحسابية
3) الأدبية
4) الطبية",2,True,3,1.0,1.0,-0.0,False,101,6207.641,0.0,0.0,1.0,0.0,0.0,2,True,3,1.0,1.0,-0.0,False,101,3832.899,0.0,0.0,1.0,0.0,0.0,False,False,False,False,False
ammlu_3646,3646,General Knowledge,Unknown,Unknown,ما هو البحر الذي تحيط به أربع دول هي روسيا ورمانيا وبلغاريا وتركيا؟,,البحر الأبيض المتوسط,البحر الأسود,بحر البلطيق,بحر قزوين,,4,1,"اختر الإجابة الصحيحة من الخيارات التالية. أخرج رقمًا واحدًا فقط.

السؤال:
ما هو البحر الذي تحيط به أربع دول هي روسيا ورمانيا وبلغاريا وتركيا؟

الخيارات:
1) البحر الأبيض المتوسط
2) البحر الأسود
3) بحر البلطيق
4) بحر قزوين",0,True,1,1.0,1.0,-0.0,False,119,6211.791,1.0,0.0,0.0,0.0,0.0,0,True,1,1.0,1.0,-0.0,False,119,3837.021,1.0,0.0,0.0,0.0,0.0,False,False,False,False,False
ammlu_11626,11626,Economics,High,Jordan,احدى العبارات التالية صحيحة فيما يتعلق براتب التعطل عن العمل :,,يستحق المؤمن عليه في الشهر الخامس من التعطل نسبة %45 من الراتب بحد ادنى 500 دينار,يستحق المؤمن عليه في الشهر الخامس من التعطل نسبة %45 من الراتب بحد اعلى 500 دينار,يستحق المؤمن عليه في الشهر الخامس من التعطل نسبة %55 من الراتب بحد ادنى 500 دينار,يستحق المؤمن عليه في الشهر الخامس من التعطل نسبة %55 من الراتب بحد اعلى 500 دينار,,4,1,"اختر الإجابة الصحيحة من الخيارات التالية. أخرج رقمًا واحدًا فقط.

السؤال:
احدى العبارات التالية صحيحة فيما يتعلق براتب التعطل عن العمل :

الخيارات:
1) يستحق المؤمن عليه في الشهر الخامس من التعطل نسبة %45 من الراتب بحد ادنى 500 دينار
2) يستحق المؤمن عليه في الشهر الخامس من التعطل نسبة %45 من الراتب بحد اعلى 500 دينار
3) يستحق المؤمن عليه في الشهر الخامس من التعطل نسبة %55 من الراتب بحد ادنى 500 دينار
4) يستحق المؤمن عليه في الشهر الخامس من التعطل نسبة %55 من الراتب بحد اعلى 500 دينار",2,True,3,1.0,1.0,-0.0,False,217,6215.424,0.0,0.0,1.0,0.0,0.0,2,True,3,1.0,1.0,-0.0,False,217,3840.642,0.0,0.0,1.0,0.0,0.0,False,False,False,False,False
ammlu_10803,10803,Biology,High,Egypt,حائط الصد الأول فى النبات,,أدمة خارجية,جدار خلوى,صموغ,فينولات,,4,0,"اختر الإجابة الصحيحة من الخيارات التالية. أخرج رقمًا واحدًا فقط.

السؤال:
حائط الصد الأول فى النبات

الخيارات:
1) أدمة خارجية
2) جدار خلوى
3) صموغ
4) فينولات",2,True,3,1.0,1.0,-0.0,False,101,5226.246,0.0,0.0,1.0,0.0,0.0,2,True,3,1.0,1.0,-0.0,False,101,3220.275,0.0,0.0,1.0,0.0,0.0,False,False,False,False,False
ammlu_4942,4942,Law,Prof,Morocco,يمكن الطعن بالاستئناف في قرارات الغرفة الجنائية الصادرة في حق الأحداث:,,أمام غرفة الجنايات الاستئنافية للأحداث,أمام الغرفة الجنحية للأحداث,جميع الأجوبة خاطئة,,,3,0,"اختر الإجابة الصحيحة من الخيارات التالية. أخرج رقمًا واحدًا فقط.

السؤال:
يمكن الطعن بالاستئناف في قرارات الغرفة الجنائية الصادرة في حق الأحداث:

الخيارات:
1) أمام غرفة الجنايات الاستئنافية للأحداث
2) أمام الغرفة الجنحية للأحداث
3) جميع الأجوبة خاطئة",0,True,1,1.0,1.0,-0.0,False,125,4763.45,1.0,0.0,0.0,0.0,0.0,0,True,1,1.0,1.0,-0.0,False,125,2950.541,1.0,0.0,0.0,0.0,0.0,True,True,False,False,False
ammlu_3410,3410,History,High,Unknown,اختر الترتيب الزمني الصحيح للدول الاستعمارية على العالم الإسلامي حسب تسلسلها الزمني الصحيح من (الأقدم إلى الأحدث) :,,الاسباني - الهولندي - البريطاني- البرتغالي,البريطاني - البرتغالي - الاسباني - الهولددي,البرتغالي - الاسباني - الهولندي - البريطاني,الهولندي - البريطاني - البرتغالي - الاسباني,,4,0,"اختر الإجابة الصحيحة من الخيارات التالية. أخرج رقمًا واحدًا فقط.

السؤال:
اختر الترتيب الزمني الصحيح للدول الاستعمارية على العالم الإسلامي حسب تسلسلها الزمني الصحيح من (الأقدم إلى الأحدث) :

الخيارات:
1) الاسباني - الهولندي - البريطاني- البرتغالي
2) البريطاني - البرتغالي - الاسباني - الهولددي
3) البرتغالي - الاسباني - الهولندي - البريطاني
4) الهولندي - البريطاني - البرتغالي - الاسباني",2,True,3,1.0,1.0,-0.0,False,167,5231.655,0.0,0.0,1.0,0.0,0.0,2,True,3,1.0,1.0,-0.0,False,167,3225.537,0.0,0.0,1.0,0.0,0.0,False,False,False,False,False
ammlu_9772,9772,Biology,High,Palestine,عدد كروموسومات خلية تحتوي 24 من الكروماتيدات الشقيقة :,,11,12,24,30,,4,1,"اختر الإجابة الصحيحة من الخيارات التالية. أخرج رقمًا واحدًا فقط.

السؤال:
عدد كروموسومات خلية تحتوي 24 من الكروماتيدات الشقيقة :

الخيارات:
1) 11
2) 12
3) 24
4) 30",2,True,3,1.0,1.0,-0.0,False,109,5235.736,0.0,0.0,1.0,0.0,0.0,2,True,3,1.0,1.0,-0.0,False,109,3229.681,0.0,0.0,1.0,0.0,0.0,False,False,False,False,False
ammlu_11205,11205,Economics,Univ,Egypt,كل ما يأتى يندرج تحت مفهوم البيئة الاقتصادية الجزئية ما عدا,,العائدات,الأسعار,التكاليف,أسعار الصرف,,4,3,"اختر الإجابة الصحيحة من الخيارات التالية. أخرج رقمًا واحدًا فقط.

السؤال:
كل ما يأتى يندرج تحت مفهوم البيئة الاقتصادية الجزئية ما عدا

الخيارات:
1) العائدات
2) الأسعار
3) التكاليف
4) أسعار الصرف",2,True,3,1.0,1.0,-0.0,False,110,5239.358,0.0,0.0,1.0,0.0,0.0,2,True,3,1.0,1.0,-0.0,False,110,3233.945,0.0,0.0,1.0,0.0,0.0,False,False,False,False,False
ammlu_13493,13493,Islamic Studies,Primary,Palestine,كل المخلوقات تحتاج عناية الله,,صح,خطأ,,,,2,0,"اختر الإجابة الصحيحة من الخيارات التالية. أخرج رقمًا واحدًا فقط.

السؤال:
كل المخلوقات تحتاج عناية الله

الخيارات:
1) صح
2) خطأ",0,True,1,1.0,1.0,-0.0,False,82,4081.657,1.0,0.0,0.0,0.0,0.0,0,True,1,1.0,1.0,-0.0,False,82,2482.231,1.0,0.0,0.0,0.0,0.0,True,True,False,False,False
ammlu_879,879,Driving Test,Unknown,Egypt,يمكنك السير بالسيارة إلى أقرب نقطة صيانة عند إضاءة مبين شحن البطارية وذلك بعد متابعة درجة حرارة المحرك.,,العبارة صحيحة,العبارة خاطئة,,,,2,0,"اختر الإجابة الصحيحة من الخيارات التالية. أخرج رقمًا واحدًا فقط.

السؤال:
يمكنك السير بالسيارة إلى أقرب نقطة صيانة عند إضاءة مبين شحن البطارية وذلك بعد متابعة درجة حرارة المحرك.

الخيارات:
1) العبارة صحيحة
2) العبارة خاطئة",0,True,1,1.0,1.0,-0.0,False,115,4085.712,1.0,0.0,0.0,0.0,0.0,0,True,1,1.0,1.0,-0.0,False,115,2486.33,1.0,0.0,0.0,0.0,0.0,True,True,False,False,False
ammlu_9788,9788,Biology,High,Palestine, العالم الذي حدد التركيب الأساسي للنيوكليوتيدات,,ليفين,ايفيري,مندل,هيرشي,,4,0,"اختر الإجابة الصحيحة من الخيارات التالية. أخرج رقمًا واحدًا فقط.

السؤال:
العالم الذي حدد التركيب الأساسي للنيوكليوتيدات

الخيارات:
1) ليفين
2) ايفيري
3) مندل
4) هيرشي",2,True,3,1.0,1.0,-0.0,False,102,4760.385,0.0,0.0,1.0,0.0,0.0,2,True,3,1.0,1.0,-0.0,False,102,2955.131,0.0,0.0,1.0,0.0,0.0,False,False,False,False,False
ammlu_2634,2634,History,Middle,Palestine,قام الخليفة الوليد بن عبد الملك ببناء مدينة الرملة,,صح,خطأ,,,,2,1,"اختر الإجابة الصحيحة من الخيارات التالية. أخرج رقمًا واحدًا فقط.

السؤال:
قام الخليفة الوليد بن عبد الملك ببناء مدينة الرملة

الخيارات:
1) صح
2) خطأ",0,True,1,1.0,1.0,-0.0,False,87,4089.992,1.0,0.0,0.0,0.0,0.0,0,True,1,1.0,1.0,-0.0,False,87,2490.649,1.0,0.0,0.0,0.0,0.0,False,False,False,False,False
ammlu_8557,8557,Geography,High,Jordan,أنشأ الأردن أول مشروع لتوليد الطاقة الكهربائية من طاقة الرياح في محافظة :,,اربد,معان,عمان,الطفيلة,,4,3,"اختر الإجابة الصحيحة من الخيارات التالية. أخرج رقمًا واحدًا فقط.

السؤال:
أنشأ الأردن أول مشروع لتوليد الطاقة الكهربائية من طاقة الرياح في محافظة :

الخيارات:
1) اربد
2) معان
3) عمان
4) الطفيلة",2,True,3,1.0,1.0,-0.0,False,109,4765.644,0.0,0.0,1.0,0.0,0.0,2,True,3,1.0,1.0,-0.0,False,109,2960.495,0.0,0.0,1.0,0.0,0.0,False,False,False,False,False
ammlu_14324,14324,Civics,Middle,Jordan, العام الذي تسمى في مرحلة العودة للحياة الحزبية مرحلة التحول الديمقراطي في الآردن هو ,,1984,1989,1993,1997,,4,1,"اختر الإجابة الصحيحة من الخيارات التالية. أخرج رقمًا واحدًا فقط.

السؤال:
العام الذي تسمى في مرحلة العودة للحياة الحزبية مرحلة التحول الديمقراطي في الآردن هو

الخيارات:
1) 1984
2) 1989
3) 1993
4) 1997",2,True,3,1.0,1.0,-0.0,False,124,4769.9,0.0,0.0,1.0,0.0,0.0,2,True,3,1.0,1.0,-0.0,False,124,2964.549,0.0,0.0,1.0,0.0,0.0,False,False,False,False,False
ammlu_13232,13232,Islamic Studies,Primary,Jordan,	من حفظة القرآن,,الخلفاء الراشدون ,حفصة بنت عمر بن الخطاب ,عائشة بنت أبي بكر ,جميع ما سبق ,,4,3,"اختر الإجابة الصحيحة من الخيارات التالية. أخرج رقمًا واحدًا فقط.

السؤال:
من حفظة القرآن

الخيارات:
1) الخلفاء الراشدون
2) حفصة بنت عمر بن الخطاب
3) عائشة بنت أبي بكر
4) جميع ما سبق",2,True,3,1.0,1.0,-0.0,False,110,4774.195,0.0,0.0,1.0,0.0,0.0,2,True,3,1.0,1.0,-0.0,False,110,2968.898,0.0,0.0,1.0,0.0,0.0,False,False,False,False,False
ammlu_892,892,Driving Test,Unknown,Egypt,عند القيادة في الضباب يجب استخدام النور العالي.,,العبارة صحيحة,العبارة خاطئة,,,,2,1,"اختر الإجابة الصحيحة من الخيارات التالية. أخرج رقمًا واحدًا فقط.

السؤال:
عند القيادة في الضباب يجب استخدام النور العالي.

الخيارات:
1) العبارة صحيحة
2) العبارة خاطئة",0,True,1,1.0,1.0,-0.0,False,91,3829.525,1.0,0.0,0.0,0.0,0.0,0,True,1,1.0,1.0,-0.0,False,91,2365.796,1.0,0.0,0.0,0.0,0.0,False,False,False,False,False
ammlu_7000,7000,Political Science,Univ,Egypt,من رواد الفكر السٌاسً فً الاسالم........,,بن أبً ربٌع.,الفاراب.,الماوردي.,كل ما سبق.,,4,3,"اختر الإجابة الصحيحة من الخيارات التالية. أخرج رقمًا واحدًا فقط.

السؤال:
من رواد الفكر السٌاسً فً الاسالم........

الخيارات:
1) بن أبً ربٌع.
2) الفاراب.
3) الماوردي.
4) كل ما سبق.",2,True,3,1.0,1.0,-0.0,False,108,5245.527,0.0,0.0,1.0,0.0,0.0,2,True,3,1.0,1.0,-0.0,False,108,3240.375,0.0,0.0,1.0,0.0,0.0,False,False,False,False,False
ammlu_5550,5550,Social Science,Primary,Jordan,يتم تمييز فرق مرشدي المرور بوشاح ……. يوضع على الكتف مع إشارة قف.,,أخضر,أحمر,أزرق,أبيض,,4,1,"اختر الإجابة الصحيحة من الخيارات التالية. أخرج رقمًا واحدًا فقط.

السؤال:
يتم تمييز فرق مرشدي المرور بوشاح ……. يوضع على الكتف مع إشارة قف.

الخيارات:
1) أخضر
2) أحمر
3) أزرق
4) أبيض",2,True,3,1.0,1.0,-0.0,False,112,5231.754,0.0,0.0,1.0,0.0,0.0,2,True,3,1.0,1.0,-0.0,False,112,3226.793,0.0,0.0,1.0,0.0,0.0,False,False,False,False,False
ammlu_7531,7531,Computer Science,Primary,Palestine,البرنامج المستخدم لإيجاد حاصل ضرب عددين هو :,,الرسام,الوورد,الحاسبة,,,3,2,"اختر الإجابة الصحيحة من الخيارات التالية. أخرج رقمًا واحدًا فقط.

السؤال:
البرنامج المستخدم لإيجاد حاصل ضرب عددين هو :

الخيارات:
1) الرسام
2) الوورد
3) الحاسبة",2,True,3,1.0,1.0,-0.0,False,95,4767.519,0.0,0.0,1.0,0.0,0.0,2,True,3,1.0,1.0,-0.0,False,95,2954.594,0.0,0.0,1.0,0.0,0.0,True,True,False,False,False
ammlu_8164,8164,Geography,High,Jordan,يعزى (سبب) ارتفاع الضغط في نطاق الضغط المرتفع القطبي :,,ارتفاع درجة الحرارة، وزيادة نسبة الرطوبة,هبوط كتل هوائية من طبقات الجو العليا,التقاء كتل هوائية مختلفة الخصائص في تلك المنطقة,الانخفاض الدائم في درجات الحرارة,,4,3,"اختر الإجابة الصحيحة من الخيارات التالية. أخرج رقمًا واحدًا فقط.

السؤال:
يعزى (سبب) ارتفاع الضغط في نطاق الضغط المرتفع القطبي :

الخيارات:
1) ارتفاع درجة الحرارة، وزيادة نسبة الرطوبة
2) هبوط كتل هوائية من طبقات الجو العليا
3) التقاء كتل هوائية مختلفة الخصائص في تلك المنطقة
4) الانخفاض الدائم في درجات الحرارة",2,True,3,1.0,1.0,-0.0,False,150,5237.333,0.0,0.0,1.0,0.0,0.0,2,True,3,1.0,1.0,-0.0,False,150,3232.055,0.0,0.0,1.0,0.0,0.0,False,False,False,False,False
ammlu_5110,5110,Physics,High,Palestine,إذا كانت مقاومية المادة 0.5 أوم.م ، فإن حاصل ضربها في موصليتها يساوي,,0.2,5,1,0.5,,4,2,"اختر الإجابة الصحيحة من الخيارات التالية. أخرج رقمًا واحدًا فقط.

السؤال:
إذا كانت مقاومية المادة 0.5 أوم.م ، فإن حاصل ضربها في موصليتها يساوي

الخيارات:
1) 0.2
2) 5
3) 1
4) 0.5",2,True,3,1.0,1.0,-0.0,False,119,5241.216,0.0,0.0,1.0,0.0,0.0,2,True,3,1.0,1.0,-0.0,False,119,3236.167,0.0,0.0,1.0,0.0,0.0,True,True,False,False,False
ammlu_8741,8741,Geography,High,Egypt," تتتشابه الصين وفرنسا فى ...........
",,قلة العوائق الطبيعية,المساحة الكبيرة,قلة الكثافة السكانية,عدم تجانس السكان,,4,0,"اختر الإجابة الصحيحة من الخيارات التالية. أخرج رقمًا واحدًا فقط.

السؤال:
تتتشابه الصين وفرنسا فى ...........

الخيارات:
1) قلة العوائق الطبيعية
2) المساحة الكبيرة
3) قلة الكثافة السكانية
4) عدم تجانس السكان",2,True,3,1.0,1.0,-0.0,False,112,4483.128,0.0,0.0,1.0,0.0,0.0,2,True,3,1.0,1.0,-0.0,False,112,2746.802,0.0,0.0,1.0,0.0,0.0,False,False,False,False,False
ammlu_9572,9572,Math,Primary,Palestine,ما العدد السابق للعدد 60 ؟,,80,58,59,61,,4,2,"اختر الإجابة الصحيحة من الخيارات التالية. أخرج رقمًا واحدًا فقط.

السؤال:
ما العدد السابق للعدد 60 ؟

الخيارات:
1) 80
2) 58
3) 59
4) 61",2,True,3,1.0,1.0,-0.0,False,98,4488.518,0.0,0.0,1.0,0.0,0.0,2,True,3,1.0,1.0,-0.0,False,98,2752.307,0.0,0.0,1.0,0.0,0.0,True,True,False,False,False
ammlu_4636,4636,Law,Prof,Morocco,يترتب عن كل جريمة الحق:,,في دعوى عمومية,دعوى مدنية تابعة,جميع الأجوبة صحيحة,,,3,2,"اختر الإجابة الصحيحة من الخيارات التالية. أخرج رقمًا واحدًا فقط.

السؤال:
يترتب عن كل جريمة الحق:

الخيارات:
1) في دعوى عمومية
2) دعوى مدنية تابعة
3) جميع الأجوبة صحيحة",1,True,2,1.0,1.0,-0.0,False,103,4771.122,0.0,1.0,0.0,0.0,0.0,1,True,2,1.0,1.0,-0.0,False,103,2958.159,0.0,1.0,0.0,0.0,0.0,False,False,False,False,False
ammlu_983,983,Driving Test,Unknown,Lebanon,الإقلاع بسرعة والضغط المفاجئ على الفرامل يؤدي إلى:,,كل ما ورد أعلاه,هدر الوقود,إهتراء سريع للفرامل والإطارات,,,3,0,"اختر الإجابة الصحيحة من الخيارات التالية. أخرج رقمًا واحدًا فقط.

السؤال:
الإقلاع بسرعة والضغط المفاجئ على الفرامل يؤدي إلى:

الخيارات:
1) كل ما ورد أعلاه
2) هدر الوقود
3) إهتراء سريع للفرامل والإطارات",2,True,3,1.0,1.0,-0.0,False,112,4483.619,0.0,0.0,1.0,0.0,0.0,2,True,3,1.0,1.0,-0.0,False,112,2774.737,0.0,0.0,1.0,0.0,0.0,False,False,False,False,False
ammlu_13869,13869,Islamic Studies,Primary,Palestine,ذكر في القران عشرون رسولا,,صح,خطأ,,,,2,1,"اختر الإجابة الصحيحة من الخيارات التالية. أخرج رقمًا واحدًا فقط.

السؤال:
ذكر في القران عشرون رسولا

الخيارات:
1) صح
2) خطأ",0,True,1,1.0,1.0,-0.0,False,81,3834.839,1.0,0.0,0.0,0.0,0.0,0,True,1,1.0,1.0,-0.0,False,81,2371.085,1.0,0.0,0.0,0.0,0.0,False,False,False,False,False
ammlu_5551,5551,Social Science,Primary,Jordan,يحتفل العالم بيوم المرور العالمي  في ….. من شهر أيار.,,الثاني,الثالث,الرابع,الخامس,,4,2,"اختر الإجابة الصحيحة من الخيارات التالية. أخرج رقمًا واحدًا فقط.

السؤال:
يحتفل العالم بيوم المرور العالمي  في ….. من شهر أيار.

الخيارات:
1) الثاني
2) الثالث
3) الرابع
4) الخامس",2,True,3,1.0,1.0,-0.0,False,96,4492.552,0.0,0.0,1.0,0.0,0.0,2,True,3,1.0,1.0,-0.0,False,96,2756.372,0.0,0.0,1.0,0.0,0.0,True,True,False,False,False
ammlu_6137,6137,Social Science,Primary,Palestine,-الشهر الثاني في السنة القمرية,,محرم,صفر,شوال,,,3,1,"اختر الإجابة الصحيحة من الخيارات التالية. أخرج رقمًا واحدًا فقط.

السؤال:
-الشهر الثاني في السنة القمرية

الخيارات:
1) محرم
2) صفر
3) شوال",2,True,3,1.0,1.0,-0.0,False,87,4474.048,0.0,0.0,1.0,0.0,0.0,2,True,3,1.0,1.0,-0.0,False,87,2765.302,0.0,0.0,1.0,0.0,0.0,False,False,False,False,False
ammlu_3372,3372,History,High,Egypt,المصدر الرئيسى لدراسة الحضارات,,الأثار,الأوستراكا,صلابة الملك نعرمر,,,3,0,"اختر الإجابة الصحيحة من الخيارات التالية. أخرج رقمًا واحدًا فقط.

السؤال:
المصدر الرئيسى لدراسة الحضارات

الخيارات:
1) الأثار
2) الأوستراكا
3) صلابة الملك نعرمر",1,True,2,1.0,1.0,-0.0,False,94,4479.594,0.0,1.0,0.0,0.0,0.0,2,True,3,1.0,1.0,-0.0,False,94,2770.667,0.0,0.0,1.0,0.0,0.0,False,False,False,False,True
ammlu_14162,14162,Islamic Studies,High,Jordan,شهد سيدنا معاوية اليرموك، وفتح الشام، وفتح بيت المقدس، وكان قائد فتح شمال فلسطين في عهد,,أبو بكر الصديق,عمر بن الخطاب,عثمان بن عفان,,,3,1,"اختر الإجابة الصحيحة من الخيارات التالية. أخرج رقمًا واحدًا فقط.

السؤال:
شهد سيدنا معاوية اليرموك، وفتح الشام، وفتح بيت المقدس، وكان قائد فتح شمال فلسطين في عهد

الخيارات:
1) أبو بكر الصديق
2) عمر بن الخطاب
3) عثمان بن عفان",2,True,3,1.0,1.0,-0.0,False,123,4487.871,0.0,0.0,1.0,0.0,0.0,2,True,3,1.0,1.0,-0.0,False,123,2778.946,0.0,0.0,1.0,0.0,0.0,False,False,False,False,False
ammlu_533,533,Islamic Studies,Unknown,Unknown,في أي سنة حج النبي صلى الله عليه وسلم حجة الوداع؟,,في السنة الخامسة,في السنة العاشرة,في السنة السادسة,في السنة التاسعة,,4,1,"اختر الإجابة الصحيحة من الخيارات التالية. أخرج رقمًا واحدًا فقط.

السؤال:
في أي سنة حج النبي صلى الله عليه وسلم حجة الوداع؟

الخيارات:
1) في السنة الخامسة
2) في السنة العاشرة
3) في السنة السادسة
4) في السنة التاسعة",2,True,3,1.0,1.0,-0.0,False,110,4496.089,0.0,0.0,1.0,0.0,0.0,2,True,3,1.0,1.0,-0.0,False,110,2759.939,0.0,0.0,1.0,0.0,0.0,False,False,False,False,False
ammlu_5838,5838,Social Science,Primary,Palestine,الحیوانات البریة تعیش مع الإنسان.,,صح,خطأ,,,,2,1,"اختر الإجابة الصحيحة من الخيارات التالية. أخرج رقمًا واحدًا فقط.

السؤال:
الحیوانات البریة تعیش مع الإنسان.

الخيارات:
1) صح
2) خطأ",0,True,1,1.0,1.0,-0.0,False,85,3839.006,1.0,0.0,0.0,0.0,0.0,0,True,1,1.0,1.0,-0.0,False,85,2375.196,1.0,0.0,0.0,0.0,0.0,False,False,False,False,False
ammlu_351,351,Islamic Studies,Unknown,Unknown,من هو أمين الرسول صلى الله عليه وسلم؟,,عمرو بن العاص,حنطلة بن أبي عامر,سعد بن معاذ,حذيفة بن اليمان,,4,3,"اختر الإجابة الصحيحة من الخيارات التالية. أخرج رقمًا واحدًا فقط.

السؤال:
من هو أمين الرسول صلى الله عليه وسلم؟

الخيارات:
1) عمرو بن العاص
2) حنطلة بن أبي عامر
3) سعد بن معاذ
4) حذيفة بن اليمان",2,True,3,1.0,1.0,-0.0,False,112,4797.719,0.0,0.0,1.0,0.0,0.0,2,True,3,1.0,1.0,-0.0,False,112,2964.223,0.0,0.0,1.0,0.0,0.0,False,False,False,False,False
ammlu_3466,3466,General Knowledge,Unknown,Unknown,ماذا تعني هذه الكلمة؟ نير:,,محراث,خشبة في عنقي ثورين,قيد,معول كبير,,4,1,"اختر الإجابة الصحيحة من الخيارات التالية. أخرج رقمًا واحدًا فقط.

السؤال:
ماذا تعني هذه الكلمة؟ نير:

الخيارات:
1) محراث
2) خشبة في عنقي ثورين
3) قيد
4) معول كبير",2,True,3,1.0,1.0,-0.0,False,101,4803.071,0.0,0.0,1.0,0.0,0.0,2,True,3,1.0,1.0,-0.0,False,101,2969.468,0.0,0.0,1.0,0.0,0.0,False,False,False,False,False
ammlu_1403,1403,Driving Test,Unknown,Jordan,یدخل أول أكسید الكربون إلى غرفة السیارة إذا كانت أبواب السیارة مفتوحة.,,نعم,لا,,,,2,0,"اختر الإجابة الصحيحة من الخيارات التالية. أخرج رقمًا واحدًا فقط.

السؤال:
یدخل أول أكسید الكربون إلى غرفة السیارة إذا كانت أبواب السیارة مفتوحة.

الخيارات:
1) نعم
2) لا",0,True,1,1.0,1.0,-0.0,False,99,3843.264,1.0,0.0,0.0,0.0,0.0,0,True,1,1.0,1.0,-0.0,False,99,2379.42,1.0,0.0,0.0,0.0,0.0,True,True,False,False,False
ammlu_10238,10238,Biology,High,Egypt,تجويف عميق عند موضع إتصال عظام الحرقفة والورك والعانة,,التجويف الأروح,"التجويف الحقى
","تجويف الزند
","جميع الإجابات صحيحة
",,4,1,"اختر الإجابة الصحيحة من الخيارات التالية. أخرج رقمًا واحدًا فقط.

السؤال:
تجويف عميق عند موضع إتصال عظام الحرقفة والورك والعانة

الخيارات:
1) التجويف الأروح
2) التجويف الحقى
3) تجويف الزند
4) جميع الإجابات صحيحة",2,True,3,1.0,1.0,-0.0,False,119,4807.028,0.0,0.0,1.0,0.0,0.0,2,True,3,1.0,1.0,-0.0,False,119,2973.591,0.0,0.0,1.0,0.0,0.0,False,False,False,False,False
ammlu_2539,2539,History,Middle,Jordan,بنيت الأهرامات في مصر القديمة حتى تكون: ,,قبور للفراعنة ,سكنا للجيش ,مخازن لحفظ الأموال ,قصورا للفراعنة ,,4,0,"اختر الإجابة الصحيحة من الخيارات التالية. أخرج رقمًا واحدًا فقط.

السؤال:
بنيت الأهرامات في مصر القديمة حتى تكون:

الخيارات:
1) قبور للفراعنة
2) سكنا للجيش
3) مخازن لحفظ الأموال
4) قصورا للفراعنة",2,True,3,1.0,1.0,-0.0,False,116,4811.23,0.0,0.0,1.0,0.0,0.0,2,True,3,1.0,1.0,-0.0,False,116,2977.815,0.0,0.0,1.0,0.0,0.0,False,False,False,False,False
ammlu_9838,9838,Biology,High,Palestine,إذا كان الناتج النهائي لحلقة كالفن (4) جزيئات (G3P) فأي العبارات الآتية صحيحة ؟,,يتم تثبيت 6 جزيئات CO2,عدد جزيئات الغلوكوز التي يتم انتاجها اثنان فقط,يتم استهلاك 6 جزيئات NADPH,يتم انتاج 27 جزيئاً من ATP .,,4,1,"اختر الإجابة الصحيحة من الخيارات التالية. أخرج رقمًا واحدًا فقط.

السؤال:
إذا كان الناتج النهائي لحلقة كالفن (4) جزيئات (G3P) فأي العبارات الآتية صحيحة ؟

الخيارات:
1) يتم تثبيت 6 جزيئات CO2
2) عدد جزيئات الغلوكوز التي يتم انتاجها اثنان فقط
3) يتم استهلاك 6 جزيئات NADPH
4) يتم انتاج 27 جزيئاً من ATP .",1,True,2,1.0,1.0,-0.0,False,171,10519.854,0.0,1.0,0.0,0.0,0.0,1,True,2,1.0,1.0,-0.0,False,171,6558.366,0.0,1.0,0.0,0.0,0.0,True,True,False,False,False
ammlu_1923,1923,Natural Science,Middle,Unknown,وما لون التفاحة الخضراء عند النظر إليها من خلال مرشح لوني أزرق اللون؟,,أزرق,أحمر,أسود,أخضر,,4,2,"اختر الإجابة الصحيحة من الخيارات التالية. أخرج رقمًا واحدًا فقط.

السؤال:
وما لون التفاحة الخضراء عند النظر إليها من خلال مرشح لوني أزرق اللون؟

الخيارات:
1) أزرق
2) أحمر
3) أسود
4) أخضر",2,True,3,1.0,1.0,-0.0,False,110,10525.343,0.0,0.0,1.0,0.0,0.0,2,True,3,1.0,1.0,-0.0,False,110,6563.744,0.0,0.0,1.0,0.0,0.0,True,True,False,False,False
ammlu_13762,13762,Islamic Studies,Primary,Palestine,صلاة الفجر صلاة سرية ,,صح,خطأ,,,,2,1,"اختر الإجابة الصحيحة من الخيارات التالية. أخرج رقمًا واحدًا فقط.

السؤال:
صلاة الفجر صلاة سرية

الخيارات:
1) صح
2) خطأ",0,True,1,1.0,1.0,-0.0,False,81,4065.114,1.0,0.0,0.0,0.0,0.0,0,True,1,1.0,1.0,-0.0,False,81,2562.226,1.0,0.0,0.0,0.0,0.0,False,False,False,False,False
ammlu_13686,13686,Islamic Studies,Primary,Palestine,أقول الصدق دائما لأنال الاجروالثواب.,,صح,خطأ,,,,2,0,"اختر الإجابة الصحيحة من الخيارات التالية. أخرج رقمًا واحدًا فقط.

السؤال:
أقول الصدق دائما لأنال الاجروالثواب.

الخيارات:
1) صح
2) خطأ",0,True,1,1.0,1.0,-0.0,False,85,4070.441,1.0,0.0,0.0,0.0,0.0,0,True,1,1.0,1.0,-0.0,False,85,2567.499,1.0,0.0,0.0,0.0,0.0,True,True,False,False,False
ammlu_761,761,Driving Test,Unknown,UAE,ما هو عدد النقاط التي يمكن أن تسجل على رخصتك قبل أن يتم مصادرتها؟,,28,32,20,24,,4,3,"اختر الإجابة الصحيحة من الخيارات التالية. أخرج رقمًا واحدًا فقط.

السؤال:
ما هو عدد النقاط التي يمكن أن تسجل على رخصتك قبل أن يتم مصادرتها؟

الخيارات:
1) 28
2) 32
3) 20
4) 24",2,True,3,1.0,1.0,-0.0,False,109,10529.335,0.0,0.0,1.0,0.0,0.0,2,True,3,1.0,1.0,-0.0,False,109,6567.799,0.0,0.0,1.0,0.0,0.0,False,False,False,False,False
ammlu_11875,11875,Arabic Language (General),Unknown,Unknown,"اقرأ القصة القصيرة التالية ثم اختر البديل المناسب لـ [فراغ] الذي يكمل الجملة بشكل صحيح
 المقصود بـ (الصِّراع)[فراغ] .",كان العرب يطلقون على القِصَّة قديمًا عدة أسماء، مثل: الحديث، والخبر، والسمر، والخُرافة، وأقدم قصص عربية مُدَوَّنة ما أورده القرآن عن الأمم البائدة، تسرية عن النبي، وتَدْعيمًا لصدق نبوته، وإن كان للعرب قبل الإسلام قصصهم التي كانت تُروَى شَفَهِيًّا. عُنِيَ المسلمون بالقِصَصِ القرآنية وتفسيرها؛ حتى أن معاوية بن أبي سفيان استقدم القُصَّاصِ إلى بَلاطِهِ وحَثَّهُم على تَدْوِينَ قِصَصَهم، وانتشرت القِصَص العربية والمُعَرَّبَة في العصر العباسي. القصة في الوقت الحاضر تعرف بأنها سرد حكائي لمجموعة مترابطة من الأحداث لها بداية ووسط ونهاية، يربطها الكاتب ببعضها من خلال اختيار الكلمات التي يعبر بها عن إحساس شخصي، أو مشكلة سائدة في المجتمع، وقد تكون لها أغراض تعليمية أو معرفية أو فنية. عناصر القصة الفكرة والمَغْزَى وهو الدرس أو العِبْرَة التي يريد الكاتب منا أن نتعلمه، أما الأحــداث فهي مجموعة الأفعال المُرَتَّبة ترتيبًا سَبَبِيًّا، وتدور حول موضوع ما، تصور الشخصية وتكشف عن صراعها مع الشخصيات الأخرى، وتتحقق وِحْدَة الحدث عندما يجيب الكاتب على أربعة أسئلة هي : كيف وأين ومتى ولماذا وقع الحدث؟، أما العُقْدَة أو الحَبْكة وهي مجموعة من الأحداث مرتبطة زمنيًا، ومعيار الحبكة الجَيِّدة هو وَحْدَتُها، ويختار الكاتب الأشخاص من الحياة عادة، ويحرص على عرضها واضحة من خلال الوصف الجسمي من طول وقصر وبدانة ونحافة وهل هو ذكر أو أنثى وعيوبها، والوصف الاجتماعي ويتمثل في انتماء الشخصية إلى طبقة اجتماعية ما، وأيَّ عمل يقوم به، الظروف المؤثرة في حياته، ودينه وجنسيته وهواياته، ثم الوصف النفسي من حيث الاستعداد والسلوك من رغبات وآمال وعزيمة وفكر، ومزاج الشخصية من انفعال وهدوء وانطواء أو انبساط، أما البيئة(المكانية والزمانية) فتعد الوسط الطبيعي الذي تجري ضمنه الأحداث وتتحرك فيه الشخوص ضمن بيئة مكانية وزمانية تمارس وجودها، والبيئة قد تكون حقيقية وقد تكون خيالية.,الأبطال,القصة,الأحداث,كل ما سبق,,4,2,"اختر الإجابة الصحيحة من الخيارات التالية. أخرج رقمًا واحدًا فقط.

السؤال:
كان العرب يطلقون على القِصَّة قديمًا عدة أسماء، مثل: الحديث، والخبر، والسمر، والخُرافة، وأقدم قصص عربية مُدَوَّنة ما أورده القرآن عن الأمم البائدة، تسرية عن النبي، وتَدْعيمًا لصدق نبوته، وإن كان للعرب قبل الإسلام قصصهم التي كانت تُروَى شَفَهِيًّا. عُنِيَ المسلمون بالقِصَصِ القرآنية وتفسيرها؛ حتى أن معاوية بن أبي سفيان استقدم القُصَّاصِ إلى بَلاطِهِ وحَثَّهُم على تَدْوِينَ قِصَصَهم، وانتشرت القِصَص العربية والمُعَرَّبَة في العصر العباسي. القصة في الوقت الحاضر تعرف بأنها سرد حكائي لمجموعة مترابطة من الأحداث لها بداية ووسط ونهاية، يربطها الكاتب ببعضها من خلال اختيار الكلمات التي يعبر بها عن إحساس شخصي، أو مشكلة سائدة في المجتمع، وقد تكون لها أغراض تعليمية أو معرفية أو فنية. عناصر القصة الفكرة والمَغْزَى وهو الدرس أو العِبْرَة التي يريد الكاتب منا أن نتعلمه، أما الأحــداث فهي مجموعة الأفعال المُرَتَّبة ترتيبًا سَبَبِيًّا، وتدور حول موضوع ما، تصور الشخصية وتكشف عن صراعها مع الشخصيات الأخرى، وتتحقق وِحْدَة الحدث عندما يجيب الكاتب على أربعة أسئلة هي : كيف وأين ومتى ولماذا وقع الحدث؟، أما العُقْدَة أو الحَبْكة وهي مجموعة من ا

اقرأ القصة القصيرة التالية ثم اختر البديل المناسب لـ [فراغ] الذي يكمل الجملة بشكل صحيح
 المقصود بـ (الصِّراع)[فراغ] .

الخيارات:
1) الأبطال
2) القصة
3) الأحداث
4) كل ما سبق",1,True,2,1.0,1.0,-0.0,False,583,10533.544,0.0,1.0,0.0,0.0,0.0,1,True,2,1.0,1.0,-0.0,False,583,6572.021,0.0,1.0,0.0,0.0,0.0,False,False,False,False,False
ammlu_11347,11347,Economics,High,Jordan,الضرائب على الاستهلاك او الانفاق من الامثله على الضرائب :,,المباشرة,الضرائب غير المباشرة,,,,2,1,"اختر الإجابة الصحيحة من الخيارات التالية. أخرج رقمًا واحدًا فقط.

السؤال:
الضرائب على الاستهلاك او الانفاق من الامثله على الضرائب :

الخيارات:
1) المباشرة
2) الضرائب غير المباشرة",0,True,1,1.0,1.0,-0.0,False,97,4074.606,1.0,0.0,0.0,0.0,0.0,0,True,1,1.0,1.0,-0.0,False,97,2571.614,1.0,0.0,0.0,0.0,0.0,False,False,False,False,False
ammlu_4850,4850,Law,Prof,Morocco,حددا لجوا ب أو الأجوية ‎١‏ لصحيحة:,, يتحمل مصاريف الدعوى. الطرف المدني الذي خسرها,يمكن إعفاء الطرف المدني حسن النية الخاسر للدعوى بقرار خاص ومعلل من المصاريف كليا أو جزئيا إذا كانت النيابة العامة هي المثيرة للمتابعة,جميع الأجوبة صحيحة,,,3,2,"اختر الإجابة الصحيحة من الخيارات التالية. أخرج رقمًا واحدًا فقط.

السؤال:
حددا لجوا ب أو الأجوية ‎١‏ لصحيحة:

الخيارات:
1) يتحمل مصاريف الدعوى. الطرف المدني الذي خسرها
2) يمكن إعفاء الطرف المدني حسن النية الخاسر للدعوى بقرار خاص ومعلل من المصاريف كليا أو جزئيا إذا كانت النيابة العامة هي المثيرة للمتابعة
3) جميع الأجوبة صحيحة",1,True,2,1.0,1.0,-0.0,False,160,3928.321,0.0,1.0,0.0,0.0,0.0,1,True,2,1.0,1.0,-0.0,False,160,2414.967,0.0,1.0,0.0,0.0,0.0,False,False,False,False,False
ammlu_11246,11246,Economics,Middle,Jordan,تسمى الوظائف والأعمال الحرة ……… ,,الوظيفة  ,راتب ,عقد,أعمال مأجورة  ,,4,3,"اختر الإجابة الصحيحة من الخيارات التالية. أخرج رقمًا واحدًا فقط.

السؤال:
تسمى الوظائف والأعمال الحرة ………

الخيارات:
1) الوظيفة
2) راتب
3) عقد
4) أعمال مأجورة",0,True,1,1.0,1.0,-0.0,False,98,5038.688,1.0,0.0,0.0,0.0,0.0,0,True,1,1.0,1.0,-0.0,False,98,3110.445,1.0,0.0,0.0,0.0,0.0,False,False,False,False,False
ammlu_5061,5061,Physics,High,Palestine," إذا كان موضع جسم كتلته 1 كغم في النقطة  (0 ، 0)  وكان موضع جسم أخر كتلته 2 كغم في النقطة ( 0 ، 3)
( فإن موضع مركز الكتلة للجسمين هو : ",, (0 ، 0) , (0 ، 2) , (0 ، 3) , (0 ، 1.5) ,,4,3,"اختر الإجابة الصحيحة من الخيارات التالية. أخرج رقمًا واحدًا فقط.

السؤال:
إذا كان موضع جسم كتلته 1 كغم في النقطة  (0 ، 0)  وكان موضع جسم أخر كتلته 2 كغم في النقطة ( 0 ، 3)
( فإن موضع مركز الكتلة للجسمين هو :

الخيارات:
1) (0 ، 0)
2) (0 ، 2)
3) (0 ، 3)
4) (0 ، 1.5)",2,True,3,1.0,1.0,-0.0,False,161,5044.145,0.0,0.0,1.0,0.0,0.0,2,True,3,1.0,1.0,-0.0,False,161,3115.742,0.0,0.0,1.0,0.0,0.0,False,False,False,False,False
ammlu_5652,5652,Social Science,Middle,Jordan,……….. هو الطريق الأساس الذي يمكن الفرد من سد حاجاته وحفظ كرامته وتلبية متطلبات حياته.,,العلم,التعليم,العمل,الحرية,,4,2,"اختر الإجابة الصحيحة من الخيارات التالية. أخرج رقمًا واحدًا فقط.

السؤال:
……….. هو الطريق الأساس الذي يمكن الفرد من سد حاجاته وحفظ كرامته وتلبية متطلبات حياته.

الخيارات:
1) العلم
2) التعليم
3) العمل
4) الحرية",2,True,3,1.0,1.0,-0.0,False,106,5048.319,0.0,0.0,1.0,0.0,0.0,2,True,3,1.0,1.0,-0.0,False,106,3119.874,0.0,0.0,1.0,0.0,0.0,True,True,False,False,False
ammlu_3774,3774,General Knowledge,Unknown,Unknown,قبرص أخذت أسمها من اللاتينية(كيبروس) وهي تعني ؟,,الفضة,الذهب,الحديد,النحاس,,4,3,"اختر الإجابة الصحيحة من الخيارات التالية. أخرج رقمًا واحدًا فقط.

السؤال:
قبرص أخذت أسمها من اللاتينية(كيبروس) وهي تعني ؟

الخيارات:
1) الفضة
2) الذهب
3) الحديد
4) النحاس",2,True,3,1.0,1.0,-0.0,False,106,5052.623,0.0,0.0,1.0,0.0,0.0,2,True,3,1.0,1.0,-0.0,False,106,3124.171,0.0,0.0,1.0,0.0,0.0,False,False,False,False,False
ammlu_5925,5925,Social Science,Middle,Palestine,في أي دولة تقع هضبة الاناضول ؟,,تركيا,السعودية,مصر,ماليزيا,,4,0,"اختر الإجابة الصحيحة من الخيارات التالية. أخرج رقمًا واحدًا فقط.

السؤال:
في أي دولة تقع هضبة الاناضول ؟

الخيارات:
1) تركيا
2) السعودية
3) مصر
4) ماليزيا",2,True,3,1.0,1.0,-0.0,False,96,9275.926,0.0,0.0,1.0,0.0,0.0,2,True,3,1.0,1.0,-0.0,False,96,5740.816,0.0,0.0,1.0,0.0,0.0,False,False,False,False,False
ammlu_14121,14121,Islamic Studies,High,Jordan,"من صور(مظاهر) للهدي النبوي في التعامل مع الموهوبين والمبدعين التي يدل عليها قول النبي عن بعض أصحابه: ""أقرؤهم لكتاب الله: أبي بن كعب""، هي:",,إبراز النبي مكانة الموهوبين والمبدعين,تعزيز الموهوبين والمبدعين,الإفادة من قدرات الموهوبين والمبدعين,جميع ما ذكر,,4,0,"اختر الإجابة الصحيحة من الخيارات التالية. أخرج رقمًا واحدًا فقط.

السؤال:
من صور(مظاهر) للهدي النبوي في التعامل مع الموهوبين والمبدعين التي يدل عليها قول النبي عن بعض أصحابه: ""أقرؤهم لكتاب الله: أبي بن كعب""، هي:

الخيارات:
1) إبراز النبي مكانة الموهوبين والمبدعين
2) تعزيز الموهوبين والمبدعين
3) الإفادة من قدرات الموهوبين والمبدعين
4) جميع ما ذكر",2,True,3,1.0,1.0,-0.0,False,168,9281.316,0.0,0.0,1.0,0.0,0.0,2,True,3,1.0,1.0,-0.0,False,168,5746.069,0.0,0.0,1.0,0.0,0.0,False,False,False,False,False
ammlu_263,263,Islamic Studies,Unknown,Unknown,بماذا تسمى سورة الكهف؟,,الحائلة,المضاجع,الكليم,التوديع,,4,0,"اختر الإجابة الصحيحة من الخيارات التالية. أخرج رقمًا واحدًا فقط.

السؤال:
بماذا تسمى سورة الكهف؟

الخيارات:
1) الحائلة
2) المضاجع
3) الكليم
4) التوديع",2,True,3,1.0,1.0,-0.0,False,98,9285.51,0.0,0.0,1.0,0.0,0.0,2,True,3,1.0,1.0,-0.0,False,98,5750.204,0.0,0.0,1.0,0.0,0.0,False,False,False,False,False
ammlu_10459,10459,Biology,High,Egypt,العمود الفقري يسمح بحركه الرأس والجزء العلوي من الجسم وليس له دور في حركه الجزء السفلي,,العباره صحيحه,العباره خاطئه,,,,2,0,"اختر الإجابة الصحيحة من الخيارات التالية. أخرج رقمًا واحدًا فقط.

السؤال:
العمود الفقري يسمح بحركه الرأس والجزء العلوي من الجسم وليس له دور في حركه الجزء السفلي

الخيارات:
1) العباره صحيحه
2) العباره خاطئه",0,True,1,1.0,1.0,-0.0,False,115,4078.864,1.0,0.0,0.0,0.0,0.0,0,True,1,1.0,1.0,-0.0,False,115,2575.883,1.0,0.0,0.0,0.0,0.0,True,True,False,False,False
ammlu_11749,11749,Arabic Language (General),Unknown,Unknown,"اقرأ الفقرة التالية ثم اختر البديل المناسب لـ [فراغ] الذي يكمل الجملة بشكل صحيح
 ليلى هي [فراغ] .",صباح الخير يا زوجتي العزيزة. صباح الخير يا زوجي العزيز. غدًا سنحتفل بنجاح ابننا حمزة في امتحان اللغة العربية، يجب أن يكون الحفل جيدًا، حمزة يحب أسرته ولذلك سأدعو الأهل جميعا ًإلى البيت. من ستدعو: سأدعو عمه وعمته وجده خالد وجدته سمية، وأبناء عمه وأبناء عمته. هل هذه هي أسرة حمزة فحسب. لا لا ، سأدعو أيضًا خاله وخالته وأبناء خاله وأبناء خالته وجده علي وجدته سعاد. هل أستطيع أن أدعو صديقتي ليلى للحفل؟ نعم، فأنا أيضًا سأدعو أصدقائي صالح وإبراهيم وسأطلب من حمزة أن يدعو أصدقائه. شكرًا لك يا زوجي العزيز، سيكون حفلًا سعيدًا جدًا. عفوًا يا زوجتي العزيزة، لننادي حمزة ونخبره بالأمر . يا حمزة يا حمزة ! نعم يا أمي. لقد أخبرني أبوك أننا سنحتفل بنجاحك في اللغة العربية. حقًا: شكرًا لك يا أبي. أنت ابن مجتهد وتستحق مكافأة لنجاحك. هل تسمح لي يا أبي أن أدعو أصدقائي عادل وكمال لحضور الحفل. طبعًا يمكنك أن تدعو من تشاء من الأصدقاء، ستكون الحفلة يوم الجمعة بعد صلاة العشاء. شكرا لك يا أبي أنا سعيد جدًا بهذا الخبر.,الزوجة,صديقة الزوجة,أخت الزوجة,أم الزوجة,,4,1,"اختر الإجابة الصحيحة من الخيارات التالية. أخرج رقمًا واحدًا فقط.

السؤال:
صباح الخير يا زوجتي العزيزة. صباح الخير يا زوجي العزيز. غدًا سنحتفل بنجاح ابننا حمزة في امتحان اللغة العربية، يجب أن يكون الحفل جيدًا، حمزة يحب أسرته ولذلك سأدعو الأهل جميعا ًإلى البيت. من ستدعو: سأدعو عمه وعمته وجده خالد وجدته سمية، وأبناء عمه وأبناء عمته. هل هذه هي أسرة حمزة فحسب. لا لا ، سأدعو أيضًا خاله وخالته وأبناء خاله وأبناء خالته وجده علي وجدته سعاد. هل أستطيع أن أدعو صديقتي ليلى للحفل؟ نعم، فأنا أيضًا سأدعو أصدقائي صالح وإبراهيم وسأطلب من حمزة أن يدعو أصدقائه. شكرًا لك يا زوجي العزيز، سيكون حفلًا سعيدًا جدًا. عفوًا يا زوجتي العزيزة، لننادي حمزة ونخبره بالأمر . يا حمزة يا حمزة ! نعم يا أمي. لقد أخبرني أبوك أننا سنحتفل بنجاحك في اللغة العربية. حقًا: شكرًا لك يا أبي. أنت ابن مجتهد وتستحق مكافأة لنجاحك. هل تسمح لي يا أبي أن أدعو أصدقائي عادل وكمال لحضور الحفل. طبعًا يمكنك أن تدعو من تشاء من الأصدقاء، ستكون الحفلة يوم الجمعة بعد صلاة العشاء. شكرا لك يا أبي أنا سعيد جدًا بهذا الخبر.

اقرأ الفقرة التالية ثم اختر البديل المناسب لـ [فراغ] الذي يكمل الجملة بشكل صحيح
 ليلى هي [فراغ] .

الخيارات:
1) الزوجة
2) صديقة الزوجة
3) أخت الزوجة
4) أم الزوجة",2,True,3,1.0,1.0,-0.0,False,499,9289.861,0.0,0.0,1.0,0.0,0.0,2,True,3,1.0,1.0,-0.0,False,499,5754.411,0.0,0.0,1.0,0.0,0.0,False,False,False,False,False
ammlu_9404,9404,Math,Primary,Palestine,العدد التالي للعدد ) 79 ( هو 70,,صح,خطأ,,,,2,1,"اختر الإجابة الصحيحة من الخيارات التالية. أخرج رقمًا واحدًا فقط.

السؤال:
العدد التالي للعدد ) 79 ( هو 70

الخيارات:
1) صح
2) خطأ",0,True,1,1.0,1.0,-0.0,False,86,925.208,1.0,0.0,0.0,0.0,0.0,0,True,1,1.0,1.0,-0.0,False,86,579.724,1.0,0.0,0.0,0.0,0.0,False,False,False,False,False
ammlu_11859,11859,Arabic Language (General),Unknown,Unknown,"اقرأ النص الشعري التالي ثم اختر البديل المناسب لـ [فراغ] الذي يكمل الجملة بشكل صحيح
 جمع كلمة (الدُّخان) [فراغ].",تَواضَعْ تَكُن كالنَّجْمِ لاحَ لِناظِرٍ ـــــــــــــــــــــــــــ على صفحات الماء وهو رفيع ولا تَكُ كالدُّخان يَعلو بِنَفْسِهِ ـــــــــــــــــــــــــــــــــ إلى طبقات الجَوِّ وَهُوَ وضِيع,الأدخنة,المدخن,المدخنة,المداخن,,4,0,"اختر الإجابة الصحيحة من الخيارات التالية. أخرج رقمًا واحدًا فقط.

السؤال:
تَواضَعْ تَكُن كالنَّجْمِ لاحَ لِناظِرٍ ـــــــــــــــــــــــــــ على صفحات الماء وهو رفيع ولا تَكُ كالدُّخان يَعلو بِنَفْسِهِ ـــــــــــــــــــــــــــــــــ إلى طبقات الجَوِّ وَهُوَ وضِيع

اقرأ النص الشعري التالي ثم اختر البديل المناسب لـ [فراغ] الذي يكمل الجملة بشكل صحيح
 جمع كلمة (الدُّخان) [فراغ].

الخيارات:
1) الأدخنة
2) المدخن
3) المدخنة
4) المداخن",2,True,3,1.0,1.0,-0.0,False,236,6614.795,0.0,0.0,1.0,0.0,0.0,2,True,3,1.0,1.0,-0.0,False,236,4067.969,0.0,0.0,1.0,0.0,0.0,False,False,False,False,False
ammlu_5243,5243,Social Science,Middle,Unknown,من أمثلة القيم الاجتماعية :-,,إكرام الضيف,نبذ الحروب,بر الوالدين,لا التبرع بالدم,,4,1,"اختر الإجابة الصحيحة من الخيارات التالية. أخرج رقمًا واحدًا فقط.

السؤال:
من أمثلة القيم الاجتماعية :-

الخيارات:
1) إكرام الضيف
2) نبذ الحروب
3) بر الوالدين
4) لا التبرع بالدم",1,True,2,1.0,1.0,-0.0,False,102,6620.041,0.0,1.0,0.0,0.0,0.0,2,True,3,1.0,1.0,-0.0,False,102,4073.232,0.0,0.0,1.0,0.0,0.0,True,False,True,False,True
ammlu_758,758,Driving Test,Unknown,UAE,لأفضل توفير لاستهلاك الوقود/ عليك الحفاظ على سرعة المحرك تحت...؟,,5000 دورة في الدقيقة,3000 دورة في الدقيقة,2000 دورة في الدقيقة,4000 دورة في الدقيقة,,4,1,"اختر الإجابة الصحيحة من الخيارات التالية. أخرج رقمًا واحدًا فقط.

السؤال:
لأفضل توفير لاستهلاك الوقود/ عليك الحفاظ على سرعة المحرك تحت...؟

الخيارات:
1) 5000 دورة في الدقيقة
2) 3000 دورة في الدقيقة
3) 2000 دورة في الدقيقة
4) 4000 دورة في الدقيقة",2,True,3,1.0,1.0,-0.0,False,140,6624.274,0.0,0.0,1.0,0.0,0.0,2,True,3,1.0,1.0,-0.0,False,140,4077.297,0.0,0.0,1.0,0.0,0.0,False,False,False,False,False
ammlu_10415,10415,Biology,High,Egypt,لييفة عضلية تتكون من 2 ساركومير فإن عدد خطوط Z التى تتوسط المناطق المضيئة غير الكاملة وعدد خطوط Z التى تتوسط المناطق المضيئة الكاملة,,3 و 2,2 و 3,2 و 1,1 و 2,,4,2,"اختر الإجابة الصحيحة من الخيارات التالية. أخرج رقمًا واحدًا فقط.

السؤال:
لييفة عضلية تتكون من 2 ساركومير فإن عدد خطوط Z التى تتوسط المناطق المضيئة غير الكاملة وعدد خطوط Z التى تتوسط المناطق المضيئة الكاملة

الخيارات:
1) 3 و 2
2) 2 و 3
3) 2 و 1
4) 1 و 2",2,True,3,1.0,1.0,-0.0,False,140,6627.893,0.0,0.0,1.0,0.0,0.0,2,True,3,1.0,1.0,-0.0,False,140,4080.829,0.0,0.0,1.0,0.0,0.0,True,True,False,False,False
ammlu_2459,2459,History,Middle,Jordan,أصبحت اللغة العربية هي اللغة الرسمية في إدارة الدواوين نتيجة: ,,تعريب الدواوين ,تعريب النقود ,الإشراف على المراسلات بين الحاكم والولاة  ,لا شيء مما ذكر ,,4,0,"اختر الإجابة الصحيحة من الخيارات التالية. أخرج رقمًا واحدًا فقط.

السؤال:
أصبحت اللغة العربية هي اللغة الرسمية في إدارة الدواوين نتيجة:

الخيارات:
1) تعريب الدواوين
2) تعريب النقود
3) الإشراف على المراسلات بين الحاكم والولاة
4) لا شيء مما ذكر",2,True,3,1.0,1.0,-0.0,False,121,10443.757,0.0,0.0,1.0,0.0,0.0,2,True,3,1.0,1.0,-0.0,False,121,6492.63,0.0,0.0,1.0,0.0,0.0,False,False,False,False,False
ammlu_7500,7500,Computer Science,High,Palestine,في الكابل المزدوج المجدول الغير محمي UTP نستخدم السلكين ....... لإرسال البيانات.,,2024-01-02 00:00:00,2024-05-02 00:00:00,3 – 6,4 – 8,,4,0,"اختر الإجابة الصحيحة من الخيارات التالية. أخرج رقمًا واحدًا فقط.

السؤال:
في الكابل المزدوج المجدول الغير محمي UTP نستخدم السلكين ....... لإرسال البيانات.

الخيارات:
1) 2024-01-02 00:00:00
2) 2024-05-02 00:00:00
3) 3 – 6
4) 4 – 8",2,True,3,1.0,1.0,-0.0,False,152,10449.284,0.0,0.0,1.0,0.0,0.0,2,True,3,1.0,1.0,-0.0,False,152,6498.066,0.0,0.0,1.0,0.0,0.0,False,False,False,False,False
ammlu_11868,11868,Arabic Language (General),Unknown,Unknown,"اقرأ القصة القصيرة التالية ثم اختر البديل المناسب لـ [فراغ] الذي يكمل الجملة بشكل صحيح
 معنى كلمة (مُدَوَّنة)[فراغ].",كان العرب يطلقون على القِصَّة قديمًا عدة أسماء، مثل: الحديث، والخبر، والسمر، والخُرافة، وأقدم قصص عربية مُدَوَّنة ما أورده القرآن عن الأمم البائدة، تسرية عن النبي، وتَدْعيمًا لصدق نبوته، وإن كان للعرب قبل الإسلام قصصهم التي كانت تُروَى شَفَهِيًّا. عُنِيَ المسلمون بالقِصَصِ القرآنية وتفسيرها؛ حتى أن معاوية بن أبي سفيان استقدم القُصَّاصِ إلى بَلاطِهِ وحَثَّهُم على تَدْوِينَ قِصَصَهم، وانتشرت القِصَص العربية والمُعَرَّبَة في العصر العباسي. القصة في الوقت الحاضر تعرف بأنها سرد حكائي لمجموعة مترابطة من الأحداث لها بداية ووسط ونهاية، يربطها الكاتب ببعضها من خلال اختيار الكلمات التي يعبر بها عن إحساس شخصي، أو مشكلة سائدة في المجتمع، وقد تكون لها أغراض تعليمية أو معرفية أو فنية. عناصر القصة الفكرة والمَغْزَى وهو الدرس أو العِبْرَة التي يريد الكاتب منا أن نتعلمه، أما الأحــداث فهي مجموعة الأفعال المُرَتَّبة ترتيبًا سَبَبِيًّا، وتدور حول موضوع ما، تصور الشخصية وتكشف عن صراعها مع الشخصيات الأخرى، وتتحقق وِحْدَة الحدث عندما يجيب الكاتب على أربعة أسئلة هي : كيف وأين ومتى ولماذا وقع الحدث؟، أما العُقْدَة أو الحَبْكة وهي مجموعة من الأحداث مرتبطة زمنيًا، ومعيار الحبكة الجَيِّدة هو وَحْدَتُها، ويختار الكاتب الأشخاص من الحياة عادة، ويحرص على عرضها واضحة من خلال الوصف الجسمي من طول وقصر وبدانة ونحافة وهل هو ذكر أو أنثى وعيوبها، والوصف الاجتماعي ويتمثل في انتماء الشخصية إلى طبقة اجتماعية ما، وأيَّ عمل يقوم به، الظروف المؤثرة في حياته، ودينه وجنسيته وهواياته، ثم الوصف النفسي من حيث الاستعداد والسلوك من رغبات وآمال وعزيمة وفكر، ومزاج الشخصية من انفعال وهدوء وانطواء أو انبساط، أما البيئة(المكانية والزمانية) فتعد الوسط الطبيعي الذي تجري ضمنه الأحداث وتتحرك فيه الشخوص ضمن بيئة مكانية وزمانية تمارس وجودها، والبيئة قد تكون حقيقية وقد تكون خيالية.,مكتوبة,مقروءة,مسموعة,معروفة,,4,0,"اختر الإجابة الصحيحة من الخيارات التالية. أخرج رقمًا واحدًا فقط.

السؤال:
كان العرب يطلقون على القِصَّة قديمًا عدة أسماء، مثل: الحديث، والخبر، والسمر، والخُرافة، وأقدم قصص عربية مُدَوَّنة ما أورده القرآن عن الأمم البائدة، تسرية عن النبي، وتَدْعيمًا لصدق نبوته، وإن كان للعرب قبل الإسلام قصصهم التي كانت تُروَى شَفَهِيًّا. عُنِيَ المسلمون بالقِصَصِ القرآنية وتفسيرها؛ حتى أن معاوية بن أبي سفيان استقدم القُصَّاصِ إلى بَلاطِهِ وحَثَّهُم على تَدْوِينَ قِصَصَهم، وانتشرت القِصَص العربية والمُعَرَّبَة في العصر العباسي. القصة في الوقت الحاضر تعرف بأنها سرد حكائي لمجموعة مترابطة من الأحداث لها بداية ووسط ونهاية، يربطها الكاتب ببعضها من خلال اختيار الكلمات التي يعبر بها عن إحساس شخصي، أو مشكلة سائدة في المجتمع، وقد تكون لها أغراض تعليمية أو معرفية أو فنية. عناصر القصة الفكرة والمَغْزَى وهو الدرس أو العِبْرَة التي يريد الكاتب منا أن نتعلمه، أما الأحــداث فهي مجموعة الأفعال المُرَتَّبة ترتيبًا سَبَبِيًّا، وتدور حول موضوع ما، تصور الشخصية وتكشف عن صراعها مع الشخصيات الأخرى، وتتحقق وِحْدَة الحدث عندما يجيب الكاتب على أربعة أسئلة هي : كيف وأين ومتى ولماذا وقع الحدث؟، أما العُقْدَة أو الحَبْكة وهي مجموعة من ال

اقرأ القصة القصيرة التالية ثم اختر البديل المناسب لـ [فراغ] الذي يكمل الجملة بشكل صحيح
 معنى كلمة (مُدَوَّنة)[فراغ].

الخيارات:
1) مكتوبة
2) مقروءة
3) مسموعة
4) معروفة",2,True,3,1.0,1.0,-0.0,False,586,10453.333,0.0,0.0,1.0,0.0,0.0,2,True,3,1.0,1.0,-0.0,False,586,6502.06,0.0,0.0,1.0,0.0,0.0,False,False,False,False,False
ammlu_6509,6509,Arabic Language,Primary,Jordan,أكمل الجملة بالكلمة المناسب (أتناول طعامي).....,,مبتسمًا,سالمًا,نائمًا,جالسًا,,4,3,"اختر الإجابة الصحيحة من الخيارات التالية. أخرج رقمًا واحدًا فقط.

السؤال:
أكمل الجملة بالكلمة المناسب (أتناول طعامي).....

الخيارات:
1) مبتسمًا
2) سالمًا
3) نائمًا
4) جالسًا",2,True,3,1.0,1.0,-0.0,False,106,10456.896,0.0,0.0,1.0,0.0,0.0,2,True,3,1.0,1.0,-0.0,False,106,6505.513,0.0,0.0,1.0,0.0,0.0,False,False,False,False,False
ammlu_9041,9041,Geography,High,Jordan,"عنصر من عناصر المناخ له أهمية كبيرة في الأرصاد الجوية لأنه يوفر معلومات عن الهواء الموجود في
الأعلى : ",,الضغط الجوي,درجة الحرارة,الرياح,الأمطار,,4,0,"اختر الإجابة الصحيحة من الخيارات التالية. أخرج رقمًا واحدًا فقط.

السؤال:
عنصر من عناصر المناخ له أهمية كبيرة في الأرصاد الجوية لأنه يوفر معلومات عن الهواء الموجود في
الأعلى :

الخيارات:
1) الضغط الجوي
2) درجة الحرارة
3) الرياح
4) الأمطار",2,True,3,1.0,1.0,-0.0,False,120,1285.727,0.0,0.0,1.0,0.0,0.0,2,True,3,1.0,1.0,-0.0,False,120,787.885,0.0,0.0,1.0,0.0,0.0,False,False,False,False,False
ammlu_13589,13589,Islamic Studies,Primary,Palestine,من یعمل الصالحات یدخل,,البيت,الجنة,جهنم,,,3,1,"اختر الإجابة الصحيحة من الخيارات التالية. أخرج رقمًا واحدًا فقط.

السؤال:
من یعمل الصالحات یدخل

الخيارات:
1) البيت
2) الجنة
3) جهنم",2,True,3,1.0,1.0,-0.0,False,89,3933.862,0.0,0.0,1.0,0.0,0.0,2,True,3,1.0,1.0,-0.0,False,89,2420.42,0.0,0.0,1.0,0.0,0.0,False,False,False,False,False
ammlu_10483,10483,Biology,High,Egypt,تحتاج العضله الAtp ٠٠٠٠٠٠الارتباط بين الجسر العرض والاكتين,,فصل,زياده,تثبيت,,,3,0,"اختر الإجابة الصحيحة من الخيارات التالية. أخرج رقمًا واحدًا فقط.

السؤال:
تحتاج العضله الAtp ٠٠٠٠٠٠الارتباط بين الجسر العرض والاكتين

الخيارات:
1) فصل
2) زياده
3) تثبيت",2,True,3,1.0,1.0,-0.0,False,115,3938.548,0.0,0.0,1.0,0.0,0.0,2,True,3,1.0,1.0,-0.0,False,115,2425.108,0.0,0.0,1.0,0.0,0.0,False,False,False,False,False
